-- version 5.2.1
-- https://www.phpmyadmin.net/
--






;
;
;
;

--
-- Database: nic_portal
--

-- --------------------------------------------------------

--
-- Table structure for table attendance
--

CREATE TABLE attendance (
  id INTEGER NOT NULL,
  student_id INTEGER NOT NULL,
  course_id INTEGER NOT NULL,
  date date NOT NULL,
  status VARCHAR(20) CHECK (column_name IN ('present', 'absent', 'late')) NOT NULL,
  marked_by INTEGER NOT NULL,
  created_at TIMESTAMP DEFAULT CURRENT_TIMESTAMP
);

--
-- Dumping data for table attendance
--

INSERT INTO attendance (id, student_id, course_id, date, status, marked_by, created_at) VALUES
(1, 1, 3, '2026-03-23', 'present', 1, '2026-03-22 17:47:04'),
(2, 1, 2, '2026-03-23', 'present', 1, '2026-03-22 17:47:04'),
(3, 1, 5, '2026-03-23', 'present', 1, '2026-03-22 17:47:04'),
(4, 1, 6, '2026-03-23', 'present', 1, '2026-03-22 17:47:04'),
(5, 1, 4, '2026-03-23', 'present', 1, '2026-03-22 17:47:04'),
(6, 1, 7, '2026-03-23', 'present', 1, '2026-03-22 17:47:04'),
(7, 1, 1, '2026-03-23', 'present', 1, '2026-03-22 17:47:04'),
(8, 1, 3, '2026-03-24', 'absent', 1, '2026-03-22 17:47:04'),
(9, 1, 2, '2026-03-24', 'absent', 1, '2026-03-22 17:47:04'),
(10, 1, 5, '2026-03-24', 'absent', 1, '2026-03-22 17:47:04'),
(11, 1, 6, '2026-03-24', 'absent', 1, '2026-03-22 17:47:04'),
(12, 1, 4, '2026-03-24', 'absent', 1, '2026-03-22 17:47:04'),
(13, 1, 7, '2026-03-24', 'absent', 1, '2026-03-22 17:47:04'),
(14, 1, 1, '2026-03-24', 'absent', 1, '2026-03-22 17:47:04'),
(15, 1, 3, '2026-03-25', 'absent', 1, '2026-03-22 17:47:04'),
(16, 1, 2, '2026-03-25', 'absent', 1, '2026-03-22 17:47:04'),
(17, 1, 5, '2026-03-25', 'absent', 1, '2026-03-22 17:47:04'),
(18, 1, 6, '2026-03-25', 'absent', 1, '2026-03-22 17:47:04'),
(19, 1, 4, '2026-03-25', 'absent', 1, '2026-03-22 17:47:04'),
(20, 1, 7, '2026-03-25', 'absent', 1, '2026-03-22 17:47:04'),
(21, 1, 1, '2026-03-25', 'absent', 1, '2026-03-22 17:47:04'),
(22, 1, 3, '2026-03-26', 'present', 1, '2026-03-22 17:47:04'),
(23, 1, 2, '2026-03-26', 'present', 1, '2026-03-22 17:47:04'),
(24, 1, 5, '2026-03-26', 'present', 1, '2026-03-22 17:47:04'),
(25, 1, 6, '2026-03-26', 'present', 1, '2026-03-22 17:47:04'),
(26, 1, 4, '2026-03-26', 'present', 1, '2026-03-22 17:47:04'),
(27, 1, 7, '2026-03-26', 'present', 1, '2026-03-22 17:47:04'),
(28, 1, 1, '2026-03-26', 'present', 1, '2026-03-22 17:47:04'),
(29, 1, 3, '2026-03-27', 'absent', 1, '2026-03-22 17:47:04'),
(30, 1, 2, '2026-03-27', 'absent', 1, '2026-03-22 17:47:04'),
(31, 1, 5, '2026-03-27', 'absent', 1, '2026-03-22 17:47:04'),
(32, 1, 6, '2026-03-27', 'absent', 1, '2026-03-22 17:47:04'),
(33, 1, 4, '2026-03-27', 'absent', 1, '2026-03-22 17:47:04'),
(34, 1, 7, '2026-03-27', 'absent', 1, '2026-03-22 17:47:04'),
(35, 1, 1, '2026-03-27', 'absent', 1, '2026-03-22 17:47:04'),
(36, 1, 3, '2026-03-28', 'present', 1, '2026-03-22 17:47:04'),
(37, 1, 2, '2026-03-28', 'present', 1, '2026-03-22 17:47:04'),
(38, 1, 5, '2026-03-28', 'present', 1, '2026-03-22 17:47:04'),
(39, 1, 6, '2026-03-28', 'present', 1, '2026-03-22 17:47:04'),
(40, 1, 4, '2026-03-28', 'present', 1, '2026-03-22 17:47:04'),
(41, 1, 7, '2026-03-28', 'present', 1, '2026-03-22 17:47:04'),
(42, 1, 1, '2026-03-28', 'present', 1, '2026-03-22 17:47:04'),
(43, 1, 3, '2026-03-30', 'present', 1, '2026-03-22 17:47:04'),
(44, 1, 2, '2026-03-30', 'present', 1, '2026-03-22 17:47:04'),
(45, 1, 5, '2026-03-30', 'present', 1, '2026-03-22 17:47:04'),
(46, 1, 6, '2026-03-30', 'present', 1, '2026-03-22 17:47:04'),
(47, 1, 4, '2026-03-30', 'present', 1, '2026-03-22 17:47:04'),
(48, 1, 7, '2026-03-30', 'present', 1, '2026-03-22 17:47:04'),
(49, 1, 1, '2026-03-30', 'present', 1, '2026-03-22 17:47:04'),
(50, 1, 3, '2026-03-31', 'present', 1, '2026-03-22 17:47:04'),
(51, 1, 2, '2026-03-31', 'present', 1, '2026-03-22 17:47:04'),
(52, 1, 5, '2026-03-31', 'present', 1, '2026-03-22 17:47:04'),
(53, 1, 6, '2026-03-31', 'present', 1, '2026-03-22 17:47:04'),
(54, 1, 4, '2026-03-31', 'present', 1, '2026-03-22 17:47:04'),
(55, 1, 7, '2026-03-31', 'present', 1, '2026-03-22 17:47:04'),
(56, 1, 1, '2026-03-31', 'present', 1, '2026-03-22 17:47:04'),
(57, 1, 3, '2026-04-01', 'present', 1, '2026-03-22 17:47:04'),
(58, 1, 2, '2026-04-01', 'present', 1, '2026-03-22 17:47:04'),
(59, 1, 5, '2026-04-01', 'present', 1, '2026-03-22 17:47:04'),
(60, 1, 6, '2026-04-01', 'present', 1, '2026-03-22 17:47:04'),
(61, 1, 4, '2026-04-01', 'present', 1, '2026-03-22 17:47:04'),
(62, 1, 7, '2026-04-01', 'present', 1, '2026-03-22 17:47:04'),
(63, 1, 1, '2026-04-01', 'present', 1, '2026-03-22 17:47:04'),
(64, 1, 3, '2026-04-02', 'present', 1, '2026-03-22 17:47:04'),
(65, 1, 2, '2026-04-02', 'present', 1, '2026-03-22 17:47:04'),
(66, 1, 5, '2026-04-02', 'present', 1, '2026-03-22 17:47:04'),
(67, 1, 6, '2026-04-02', 'present', 1, '2026-03-22 17:47:04'),
(68, 1, 4, '2026-04-02', 'present', 1, '2026-03-22 17:47:04'),
(69, 1, 7, '2026-04-02', 'present', 1, '2026-03-22 17:47:04'),
(70, 1, 1, '2026-04-02', 'present', 1, '2026-03-22 17:47:04'),
(71, 1, 3, '2026-04-03', 'present', 1, '2026-03-22 17:47:04'),
(72, 1, 2, '2026-04-03', 'present', 1, '2026-03-22 17:47:04'),
(73, 1, 5, '2026-04-03', 'present', 1, '2026-03-22 17:47:04'),
(74, 1, 6, '2026-04-03', 'present', 1, '2026-03-22 17:47:04'),
(75, 1, 4, '2026-04-03', 'present', 1, '2026-03-22 17:47:04'),
(76, 1, 7, '2026-04-03', 'present', 1, '2026-03-22 17:47:04'),
(77, 1, 1, '2026-04-03', 'present', 1, '2026-03-22 17:47:04'),
(78, 1, 3, '2026-04-04', 'present', 1, '2026-03-22 17:47:04'),
(79, 1, 2, '2026-04-04', 'present', 1, '2026-03-22 17:47:04'),
(80, 1, 5, '2026-04-04', 'present', 1, '2026-03-22 17:47:04'),
(81, 1, 6, '2026-04-04', 'present', 1, '2026-03-22 17:47:04'),
(82, 1, 4, '2026-04-04', 'present', 1, '2026-03-22 17:47:04'),
(83, 1, 7, '2026-04-04', 'present', 1, '2026-03-22 17:47:04'),
(84, 1, 1, '2026-04-04', 'present', 1, '2026-03-22 17:47:04'),
(85, 1, 3, '2026-04-06', 'present', 1, '2026-03-22 17:47:04'),
(86, 1, 2, '2026-04-06', 'present', 1, '2026-03-22 17:47:04'),
(87, 1, 5, '2026-04-06', 'present', 1, '2026-03-22 17:47:04'),
(88, 1, 6, '2026-04-06', 'present', 1, '2026-03-22 17:47:04'),
(89, 1, 4, '2026-04-06', 'present', 1, '2026-03-22 17:47:04'),
(90, 1, 7, '2026-04-06', 'present', 1, '2026-03-22 17:47:04'),
(91, 1, 1, '2026-04-06', 'present', 1, '2026-03-22 17:47:04'),
(92, 1, 3, '2026-04-07', 'present', 1, '2026-03-22 17:47:04'),
(93, 1, 2, '2026-04-07', 'present', 1, '2026-03-22 17:47:04'),
(94, 1, 5, '2026-04-07', 'present', 1, '2026-03-22 17:47:04'),
(95, 1, 6, '2026-04-07', 'present', 1, '2026-03-22 17:47:04'),
(96, 1, 4, '2026-04-07', 'present', 1, '2026-03-22 17:47:04'),
(97, 1, 7, '2026-04-07', 'present', 1, '2026-03-22 17:47:04'),
(98, 1, 1, '2026-04-07', 'present', 1, '2026-03-22 17:47:04'),
(99, 1, 3, '2026-04-08', 'absent', 1, '2026-03-22 17:47:04'),
(100, 1, 2, '2026-04-08', 'absent', 1, '2026-03-22 17:47:04'),
(101, 1, 5, '2026-04-08', 'absent', 1, '2026-03-22 17:47:04'),
(102, 1, 6, '2026-04-08', 'absent', 1, '2026-03-22 17:47:04'),
(103, 1, 4, '2026-04-08', 'absent', 1, '2026-03-22 17:47:04'),
(104, 1, 7, '2026-04-08', 'absent', 1, '2026-03-22 17:47:04'),
(105, 1, 1, '2026-04-08', 'absent', 1, '2026-03-22 17:47:04'),
(106, 1, 3, '2026-04-09', 'present', 1, '2026-03-22 17:47:04'),
(107, 1, 2, '2026-04-09', 'present', 1, '2026-03-22 17:47:04'),
(108, 1, 5, '2026-04-09', 'present', 1, '2026-03-22 17:47:04'),
(109, 1, 6, '2026-04-09', 'present', 1, '2026-03-22 17:47:04'),
(110, 1, 4, '2026-04-09', 'present', 1, '2026-03-22 17:47:04'),
(111, 1, 7, '2026-04-09', 'present', 1, '2026-03-22 17:47:04'),
(112, 1, 1, '2026-04-09', 'present', 1, '2026-03-22 17:47:04'),
(113, 1, 3, '2026-04-10', 'absent', 1, '2026-03-22 17:47:04'),
(114, 1, 2, '2026-04-10', 'absent', 1, '2026-03-22 17:47:04'),
(115, 1, 5, '2026-04-10', 'absent', 1, '2026-03-22 17:47:04'),
(116, 1, 6, '2026-04-10', 'absent', 1, '2026-03-22 17:47:04'),
(117, 1, 4, '2026-04-10', 'absent', 1, '2026-03-22 17:47:04'),
(118, 1, 7, '2026-04-10', 'absent', 1, '2026-03-22 17:47:04'),
(119, 1, 1, '2026-04-10', 'absent', 1, '2026-03-22 17:47:04'),
(120, 1, 3, '2026-04-11', 'absent', 1, '2026-03-22 17:47:04'),
(121, 1, 2, '2026-04-11', 'absent', 1, '2026-03-22 17:47:04'),
(122, 1, 5, '2026-04-11', 'absent', 1, '2026-03-22 17:47:04'),
(123, 1, 6, '2026-04-11', 'absent', 1, '2026-03-22 17:47:04'),
(124, 1, 4, '2026-04-11', 'absent', 1, '2026-03-22 17:47:04'),
(125, 1, 7, '2026-04-11', 'absent', 1, '2026-03-22 17:47:04'),
(126, 1, 1, '2026-04-11', 'absent', 1, '2026-03-22 17:47:04'),
(127, 1, 3, '2026-04-13', 'absent', 1, '2026-03-22 17:47:04'),
(128, 1, 2, '2026-04-13', 'absent', 1, '2026-03-22 17:47:04'),
(129, 1, 5, '2026-04-13', 'absent', 1, '2026-03-22 17:47:04'),
(130, 1, 6, '2026-04-13', 'absent', 1, '2026-03-22 17:47:04'),
(131, 1, 4, '2026-04-13', 'absent', 1, '2026-03-22 17:47:04'),
(132, 1, 7, '2026-04-13', 'absent', 1, '2026-03-22 17:47:04'),
(133, 1, 1, '2026-04-13', 'absent', 1, '2026-03-22 17:47:04'),
(134, 1, 3, '2026-04-14', 'present', 1, '2026-03-22 17:47:04'),
(135, 1, 2, '2026-04-14', 'present', 1, '2026-03-22 17:47:04'),
(136, 1, 5, '2026-04-14', 'present', 1, '2026-03-22 17:47:04'),
(137, 1, 6, '2026-04-14', 'present', 1, '2026-03-22 17:47:04'),
(138, 1, 4, '2026-04-14', 'present', 1, '2026-03-22 17:47:04'),
(139, 1, 7, '2026-04-14', 'present', 1, '2026-03-22 17:47:04'),
(140, 1, 1, '2026-04-14', 'present', 1, '2026-03-22 17:47:04'),
(141, 1, 3, '2026-04-15', 'present', 1, '2026-03-22 17:47:04'),
(142, 1, 2, '2026-04-15', 'present', 1, '2026-03-22 17:47:04'),
(143, 1, 5, '2026-04-15', 'present', 1, '2026-03-22 17:47:04'),
(144, 1, 6, '2026-04-15', 'present', 1, '2026-03-22 17:47:04'),
(145, 1, 4, '2026-04-15', 'present', 1, '2026-03-22 17:47:04'),
(146, 1, 7, '2026-04-15', 'present', 1, '2026-03-22 17:47:04'),
(147, 1, 1, '2026-04-15', 'present', 1, '2026-03-22 17:47:04'),
(148, 1, 3, '2026-04-16', 'absent', 1, '2026-03-22 17:47:04'),
(149, 1, 2, '2026-04-16', 'absent', 1, '2026-03-22 17:47:04'),
(150, 1, 5, '2026-04-16', 'absent', 1, '2026-03-22 17:47:04'),
(151, 1, 6, '2026-04-16', 'absent', 1, '2026-03-22 17:47:04'),
(152, 1, 4, '2026-04-16', 'absent', 1, '2026-03-22 17:47:04'),
(153, 1, 7, '2026-04-16', 'absent', 1, '2026-03-22 17:47:04'),
(154, 1, 1, '2026-04-16', 'absent', 1, '2026-03-22 17:47:04'),
(155, 1, 3, '2026-04-17', 'absent', 1, '2026-03-22 17:47:04'),
(156, 1, 2, '2026-04-17', 'absent', 1, '2026-03-22 17:47:04'),
(157, 1, 5, '2026-04-17', 'absent', 1, '2026-03-22 17:47:04'),
(158, 1, 6, '2026-04-17', 'absent', 1, '2026-03-22 17:47:04'),
(159, 1, 4, '2026-04-17', 'absent', 1, '2026-03-22 17:47:04'),
(160, 1, 7, '2026-04-17', 'absent', 1, '2026-03-22 17:47:04'),
(161, 1, 1, '2026-04-17', 'absent', 1, '2026-03-22 17:47:04'),
(162, 1, 3, '2026-04-18', 'present', 1, '2026-03-22 17:47:04'),
(163, 1, 2, '2026-04-18', 'present', 1, '2026-03-22 17:47:04'),
(164, 1, 5, '2026-04-18', 'present', 1, '2026-03-22 17:47:04'),
(165, 1, 6, '2026-04-18', 'present', 1, '2026-03-22 17:47:04'),
(166, 1, 4, '2026-04-18', 'present', 1, '2026-03-22 17:47:04'),
(167, 1, 7, '2026-04-18', 'present', 1, '2026-03-22 17:47:04'),
(168, 1, 1, '2026-04-18', 'present', 1, '2026-03-22 17:47:04'),
(169, 1, 3, '2026-04-20', 'present', 1, '2026-03-22 17:47:04'),
(170, 1, 2, '2026-04-20', 'present', 1, '2026-03-22 17:47:04'),
(171, 1, 5, '2026-04-20', 'present', 1, '2026-03-22 17:47:04'),
(172, 1, 6, '2026-04-20', 'present', 1, '2026-03-22 17:47:04'),
(173, 1, 4, '2026-04-20', 'present', 1, '2026-03-22 17:47:04'),
(174, 1, 7, '2026-04-20', 'present', 1, '2026-03-22 17:47:04'),
(175, 1, 1, '2026-04-20', 'present', 1, '2026-03-22 17:47:04'),
(176, 1, 3, '2026-04-21', 'absent', 1, '2026-03-22 17:47:04'),
(177, 1, 2, '2026-04-21', 'absent', 1, '2026-03-22 17:47:04'),
(178, 1, 5, '2026-04-21', 'absent', 1, '2026-03-22 17:47:04'),
(179, 1, 6, '2026-04-21', 'absent', 1, '2026-03-22 17:47:04'),
(180, 1, 4, '2026-04-21', 'absent', 1, '2026-03-22 17:47:04'),
(181, 1, 7, '2026-04-21', 'absent', 1, '2026-03-22 17:47:04'),
(182, 1, 1, '2026-04-21', 'absent', 1, '2026-03-22 17:47:04'),
(183, 1, 3, '2026-04-22', 'present', 1, '2026-03-22 17:47:04'),
(184, 1, 2, '2026-04-22', 'present', 1, '2026-03-22 17:47:04'),
(185, 1, 5, '2026-04-22', 'present', 1, '2026-03-22 17:47:04'),
(186, 1, 6, '2026-04-22', 'present', 1, '2026-03-22 17:47:04'),
(187, 1, 4, '2026-04-22', 'present', 1, '2026-03-22 17:47:04'),
(188, 1, 7, '2026-04-22', 'present', 1, '2026-03-22 17:47:04'),
(189, 1, 1, '2026-04-22', 'present', 1, '2026-03-22 17:47:04'),
(190, 1, 1, '2026-03-22', 'absent', 1, '2026-03-22 18:20:25'),
(191, 2, 1, '2026-03-22', 'late', 1, '2026-03-22 18:20:25'),
(192, 3, 1, '2026-03-22', 'present', 1, '2026-03-22 18:20:25'),
(193, 4, 1, '2026-03-22', 'absent', 1, '2026-03-22 18:20:25'),
(194, 5, 1, '2026-03-22', 'present', 1, '2026-03-22 18:20:25'),
(195, 6, 1, '2026-03-22', 'present', 1, '2026-03-22 18:20:25'),
(196, 7, 1, '2026-03-22', 'present', 1, '2026-03-22 18:20:25'),
(197, 8, 1, '2026-03-22', 'present', 1, '2026-03-22 18:20:25'),
(198, 9, 1, '2026-03-22', 'present', 1, '2026-03-22 18:20:25'),
(199, 10, 1, '2026-03-22', 'present', 1, '2026-03-22 18:20:25'),
(200, 11, 1, '2026-03-22', 'absent', 1, '2026-03-22 18:20:25'),
(201, 12, 1, '2026-03-22', 'absent', 1, '2026-03-22 18:20:25'),
(202, 13, 1, '2026-03-22', 'present', 1, '2026-03-22 18:20:25'),
(203, 14, 1, '2026-03-22', 'present', 1, '2026-03-22 18:20:25'),
(204, 205, 1, '2026-03-22', 'present', 1, '2026-03-22 18:20:25'),
(205, 16, 1, '2026-03-22', 'present', 1, '2026-03-22 18:20:25'),
(206, 17, 1, '2026-03-22', 'absent', 1, '2026-03-22 18:20:25'),
(207, 18, 1, '2026-03-22', 'present', 1, '2026-03-22 18:20:25'),
(208, 19, 1, '2026-03-22', 'present', 1, '2026-03-22 18:20:25'),
(209, 20, 1, '2026-03-22', 'present', 1, '2026-03-22 18:20:25'),
(210, 101, 8, '2026-03-22', 'present', 1, '2026-03-22 18:30:18'),
(211, 102, 8, '2026-03-22', 'absent', 1, '2026-03-22 18:30:18'),
(212, 103, 8, '2026-03-22', 'present', 1, '2026-03-22 18:30:18'),
(213, 104, 8, '2026-03-22', 'present', 1, '2026-03-22 18:30:18'),
(214, 105, 8, '2026-03-22', 'absent', 1, '2026-03-22 18:30:18'),
(215, 106, 8, '2026-03-22', 'present', 1, '2026-03-22 18:30:18'),
(216, 107, 8, '2026-03-22', 'present', 1, '2026-03-22 18:30:18'),
(217, 108, 8, '2026-03-22', 'present', 1, '2026-03-22 18:30:18'),
(218, 109, 8, '2026-03-22', 'absent', 1, '2026-03-22 18:30:18'),
(219, 110, 8, '2026-03-22', 'present', 1, '2026-03-22 18:30:18'),
(220, 111, 8, '2026-03-22', 'present', 1, '2026-03-22 18:30:18'),
(221, 112, 8, '2026-03-22', 'present', 1, '2026-03-22 18:30:18'),
(222, 113, 8, '2026-03-22', 'present', 1, '2026-03-22 18:30:18'),
(223, 114, 8, '2026-03-22', 'present', 1, '2026-03-22 18:30:18'),
(224, 115, 8, '2026-03-22', 'absent', 1, '2026-03-22 18:30:18'),
(225, 116, 8, '2026-03-22', 'present', 1, '2026-03-22 18:30:18'),
(226, 117, 8, '2026-03-22', 'present', 1, '2026-03-22 18:30:18'),
(227, 118, 8, '2026-03-22', 'absent', 1, '2026-03-22 18:30:18'),
(228, 119, 8, '2026-03-22', 'present', 1, '2026-03-22 18:30:18'),
(248, 41, 1, '2026-03-23', 'present', 1, '2026-03-22 18:42:57'),
(249, 42, 1, '2026-03-23', 'present', 1, '2026-03-22 18:42:57'),
(250, 43, 1, '2026-03-23', 'present', 1, '2026-03-22 18:42:57'),
(251, 44, 1, '2026-03-23', 'absent', 1, '2026-03-22 18:42:57'),
(252, 45, 1, '2026-03-23', 'present', 1, '2026-03-22 18:42:57'),
(253, 46, 1, '2026-03-23', 'present', 1, '2026-03-22 18:42:57'),
(254, 47, 1, '2026-03-23', 'present', 1, '2026-03-22 18:42:57'),
(255, 48, 1, '2026-03-23', 'present', 1, '2026-03-22 18:42:57'),
(256, 49, 1, '2026-03-23', 'present', 1, '2026-03-22 18:42:57'),
(257, 50, 1, '2026-03-23', 'present', 1, '2026-03-22 18:42:57'),
(258, 51, 1, '2026-03-23', 'present', 1, '2026-03-22 18:42:57'),
(259, 52, 1, '2026-03-23', 'present', 1, '2026-03-22 18:42:57'),
(260, 53, 1, '2026-03-23', 'absent', 1, '2026-03-22 18:42:57'),
(261, 54, 1, '2026-03-23', 'present', 1, '2026-03-22 18:42:57'),
(262, 55, 1, '2026-03-23', 'present', 1, '2026-03-22 18:42:57'),
(263, 56, 1, '2026-03-23', 'present', 1, '2026-03-22 18:42:57'),
(264, 57, 1, '2026-03-23', 'present', 1, '2026-03-22 18:42:57'),
(265, 58, 1, '2026-03-23', 'present', 1, '2026-03-22 18:42:57'),
(266, 59, 1, '2026-03-23', 'absent', 1, '2026-03-22 18:42:57'),
(267, 60, 1, '2026-03-23', 'present', 1, '2026-03-22 18:42:57'),
(288, 21, 1, '2026-03-22', 'present', 1, '2026-03-22 21:01:28'),
(289, 22, 1, '2026-03-22', 'present', 1, '2026-03-22 21:01:28'),
(290, 23, 1, '2026-03-22', 'present', 1, '2026-03-22 21:01:28'),
(291, 24, 1, '2026-03-22', 'present', 1, '2026-03-22 21:01:28'),
(292, 25, 1, '2026-03-22', 'present', 1, '2026-03-22 21:01:28'),
(293, 26, 1, '2026-03-22', 'present', 1, '2026-03-22 21:01:28'),
(294, 27, 1, '2026-03-22', 'present', 1, '2026-03-22 21:01:28'),
(295, 28, 1, '2026-03-22', 'present', 1, '2026-03-22 21:01:28'),
(296, 29, 1, '2026-03-22', 'present', 1, '2026-03-22 21:01:28'),
(297, 30, 1, '2026-03-22', 'present', 1, '2026-03-22 21:01:28'),
(298, 31, 1, '2026-03-22', 'present', 1, '2026-03-22 21:01:28'),
(299, 32, 1, '2026-03-22', 'present', 1, '2026-03-22 21:01:28'),
(300, 33, 1, '2026-03-22', 'present', 1, '2026-03-22 21:01:28'),
(301, 34, 1, '2026-03-22', 'present', 1, '2026-03-22 21:01:28'),
(302, 35, 1, '2026-03-22', 'present', 1, '2026-03-22 21:01:28'),
(303, 36, 1, '2026-03-22', 'present', 1, '2026-03-22 21:01:28'),
(304, 37, 1, '2026-03-22', 'present', 1, '2026-03-22 21:01:28'),
(305, 38, 1, '2026-03-22', 'present', 1, '2026-03-22 21:01:28'),
(306, 39, 1, '2026-03-22', 'present', 1, '2026-03-22 21:01:28'),
(307, 40, 1, '2026-03-22', 'present', 1, '2026-03-22 21:01:28'),
(308, 21, 1, '2026-03-23', 'present', 1, '2026-03-22 21:01:52'),
(309, 22, 1, '2026-03-23', 'present', 1, '2026-03-22 21:01:52'),
(310, 23, 1, '2026-03-23', 'present', 1, '2026-03-22 21:01:52'),
(311, 24, 1, '2026-03-23', 'present', 1, '2026-03-22 21:01:52'),
(312, 25, 1, '2026-03-23', 'present', 1, '2026-03-22 21:01:52'),
(313, 26, 1, '2026-03-23', 'present', 1, '2026-03-22 21:01:52'),
(314, 27, 1, '2026-03-23', 'present', 1, '2026-03-22 21:01:52'),
(315, 28, 1, '2026-03-23', 'present', 1, '2026-03-22 21:01:52'),
(316, 29, 1, '2026-03-23', 'present', 1, '2026-03-22 21:01:52'),
(317, 30, 1, '2026-03-23', 'present', 1, '2026-03-22 21:01:52'),
(318, 31, 1, '2026-03-23', 'present', 1, '2026-03-22 21:01:52'),
(319, 32, 1, '2026-03-23', 'present', 1, '2026-03-22 21:01:52'),
(320, 33, 1, '2026-03-23', 'present', 1, '2026-03-22 21:01:52'),
(321, 34, 1, '2026-03-23', 'present', 1, '2026-03-22 21:01:52'),
(322, 35, 1, '2026-03-23', 'present', 1, '2026-03-22 21:01:52'),
(323, 36, 1, '2026-03-23', 'present', 1, '2026-03-22 21:01:52'),
(324, 37, 1, '2026-03-23', 'present', 1, '2026-03-22 21:01:52'),
(325, 38, 1, '2026-03-23', 'present', 1, '2026-03-22 21:01:52'),
(326, 39, 1, '2026-03-23', 'present', 1, '2026-03-22 21:01:52'),
(327, 40, 1, '2026-03-23', 'present', 1, '2026-03-22 21:01:52'),
(329, 2, 1, '2026-03-23', 'present', 1, '2026-03-23 11:53:52'),
(330, 3, 1, '2026-03-23', 'present', 1, '2026-03-23 11:53:52'),
(331, 4, 1, '2026-03-23', 'late', 1, '2026-03-23 11:53:52'),
(332, 5, 1, '2026-03-23', 'absent', 1, '2026-03-23 11:53:52'),
(333, 6, 1, '2026-03-23', 'present', 1, '2026-03-23 11:53:52'),
(334, 7, 1, '2026-03-23', 'present', 1, '2026-03-23 11:53:52'),
(335, 8, 1, '2026-03-23', 'present', 1, '2026-03-23 11:53:52'),
(336, 9, 1, '2026-03-23', 'present', 1, '2026-03-23 11:53:52'),
(337, 10, 1, '2026-03-23', 'present', 1, '2026-03-23 11:53:52'),
(338, 11, 1, '2026-03-23', 'present', 1, '2026-03-23 11:53:52'),
(339, 12, 1, '2026-03-23', 'present', 1, '2026-03-23 11:53:52'),
(340, 13, 1, '2026-03-23', 'present', 1, '2026-03-23 11:53:52'),
(341, 14, 1, '2026-03-23', 'present', 1, '2026-03-23 11:53:52'),
(342, 205, 1, '2026-03-23', 'present', 1, '2026-03-23 11:53:52'),
(343, 16, 1, '2026-03-23', 'present', 1, '2026-03-23 11:53:52'),
(344, 17, 1, '2026-03-23', 'present', 1, '2026-03-23 11:53:52'),
(345, 18, 1, '2026-03-23', 'present', 1, '2026-03-23 11:53:52'),
(346, 19, 1, '2026-03-23', 'present', 1, '2026-03-23 11:53:52'),
(347, 20, 1, '2026-03-23', 'present', 1, '2026-03-23 11:53:52');

-- --------------------------------------------------------

--
-- Table structure for table courses
--

CREATE TABLE courses (
  id INTEGER NOT NULL,
  code VARCHAR(20) NOT NULL,
  name VARCHAR(200) NOT NULL,
  class VARCHAR(20) CHECK (column_name IN ('11', '12')) NOT NULL,
  credits INTEGER NOT NULL,
  description TEXT DEFAULT NULL
);

--
-- Dumping data for table courses
--

INSERT INTO courses (id, code, name, class, credits, description) VALUES
(1, 'PHY11', 'Physics', '11', 4, 'Mechanics and Thermodynamics'),
(2, 'CHEM11', 'Chemistry', '11', 4, 'Physical and Inorganic Chemistry'),
(3, 'BIO11', 'Biology', '11', 4, 'Cell Biology and Genetics'),
(4, 'MATH11', 'Mathematics', '11', 5, 'Calculus and Algebra'),
(5, 'CS11', 'Computer Science', '11', 3, 'Introduction to Programming'),
(6, 'ENG11', 'English', '11', 3, 'English Language and Literature'),
(7, 'NEP11', 'Nepali', '11', 3, 'Nepali Language and Literature'),
(8, 'PHY12', 'Physics', '12', 4, 'Electromagnetism and Modern Physics'),
(9, 'CHEM12', 'Chemistry', '12', 4, 'Organic and Physical Chemistry'),
(10, 'BIO12', 'Biology', '12', 4, 'Genetics and Evolution'),
(11, 'MATH12', 'Mathematics', '12', 5, 'Advanced Calculus and Statistics'),
(12, 'CS12', 'Computer Science', '12', 3, 'Data Structures and Algorithms'),
(13, 'ENG12', 'English', '12', 3, 'Advanced English'),
(14, 'NEP12', 'Nepali', '12', 3, 'Advanced Nepali');

-- --------------------------------------------------------

--
-- Table structure for table faculty
--

CREATE TABLE faculty (
  id INTEGER NOT NULL,
  user_id INTEGER NOT NULL,
  faculty_id VARCHAR(50) NOT NULL,
  first_name VARCHAR(100) NOT NULL,
  last_name VARCHAR(100) NOT NULL,
  phone VARCHAR(20) DEFAULT NULL,
  department VARCHAR(100) DEFAULT NULL,
  specialization VARCHAR(100) DEFAULT NULL
);

--
-- Dumping data for table faculty
--

INSERT INTO faculty (id, user_id, faculty_id, first_name, last_name, phone, department, specialization) VALUES
(1, 2, 'FAC001', 'Rajesh', 'Sharma', '9841234567', 'Computer Science', 'Data Structures'),
(2, 217, 'FAC002', 'Priya', 'Patel', '9841234568', 'Physics', 'Optics and Modern Physics'),
(3, 218, 'FAC003', 'Amit', 'Kumar', '9841234569', 'Chemistry', 'Organic Chemistry'),
(4, 219, 'FAC004', 'Sneha', 'Gupta', '9841234570', 'Chemistry', 'Inorganic and Physical Chemistry'),
(5, 220, 'FAC005', 'Vikram', 'Singh', '9841234571', 'Biology', 'Botany and Plant Sciences'),
(6, 221, 'FAC006', 'Anjali', 'Verma', '9841234572', 'Biology', 'Zoology and Human Biology'),
(7, 222, 'FAC007', 'Suresh', 'Yadav', '9841234573', 'Mathematics', 'Calculus and Algebra'),
(8, 223, 'FAC008', 'Kavita', 'Joshi', '9841234574', 'Mathematics', 'Statistics and Probability'),
(9, 224, 'FAC009', 'Rahul', 'Mehta', '9841234575', 'Computer Science', 'Programming and Data Structures'),
(10, 225, 'FAC010', 'Pooja', 'Reddy', '9841234576', 'Computer Science', 'Database and Web Technologies'),
(11, 226, 'FAC011', 'Deepak', 'Thapa', '9841234577', 'English', 'Literature and Communication'),
(12, 227, 'FAC012', 'Meera', 'Shah', '9841234578', 'English', 'Grammar and Composition'),
(13, 228, 'FAC013', 'Binod', 'Karki', '9841234579', 'Nepali', 'Nepali Literature and Language'),
(14, 229, 'FAC014', 'Sanjay', 'Tamang', '9841234580', 'Physical Education', 'Sports and Fitness');

-- --------------------------------------------------------

--
-- Table structure for table faculty_courses
--

CREATE TABLE faculty_courses (
  id INTEGER NOT NULL,
  faculty_id INTEGER NOT NULL,
  course_id INTEGER NOT NULL,
  academic_year VARCHAR(10) NOT NULL,
  created_at TIMESTAMP DEFAULT CURRENT_TIMESTAMP
);

--
-- Dumping data for table faculty_courses
--

INSERT INTO faculty_courses (id, faculty_id, course_id, academic_year, created_at) VALUES
(1, 1, 1, '2025-2026', '2026-03-22 18:13:05'),
(2, 1, 8, '2025-2026', '2026-03-22 18:13:05');

-- --------------------------------------------------------

--
-- Table structure for table fee_payments
--

CREATE TABLE fee_payments (
  id INTEGER NOT NULL,
  student_id VARCHAR(20) NOT NULL,
  academic_year VARCHAR(20) NOT NULL,
  semester VARCHAR(20) NOT NULL,
  total_fee DECIMAL(10,2) NOT NULL,
  paid_amount DECIMAL(10,2) DEFAULT 0.00,
  due_amount DECIMAL(10,2) NOT NULL,
  payment_date date DEFAULT NULL,
  payment_method VARCHAR(50) DEFAULT NULL,
  transaction_id VARCHAR(100) DEFAULT NULL,
  status VARCHAR(20) CHECK (column_name IN ('pending', 'partial', 'paid', 'overdue')) DEFAULT 'pending',
  remarks TEXT DEFAULT NULL,
  created_at TIMESTAMP DEFAULT CURRENT_TIMESTAMP,
  updated_at TIMESTAMP DEFAULT CURRENT_TIMESTAMP ON UPDATE current_timestamp()
);

--
-- Dumping data for table fee_payments
--

INSERT INTO fee_payments (id, student_id, academic_year, semester, total_fee, paid_amount, due_amount, payment_date, payment_method, transaction_id, status, remarks, created_at, updated_at) VALUES
(1, 'NIC11A01', '2024-2025', 'First Semester', 50000.00, 50000.00, 0.00, '2026-03-25', 'Bank Transfer', 'TXN17742638000190', 'paid', 'Payment received in full', '2026-03-23 11:03:20', '2026-03-23 19:13:21'),
(2, 'NIC11A02', '2024-2025', 'First Semester', 50000.00, 50000.00, 0.00, '2026-03-07', 'Cash', 'TXN17742638000191', 'paid', 'Payment received in full', '2026-03-23 11:03:20', '2026-03-23 11:03:20'),
(3, 'NIC11A03', '2024-2025', 'First Semester', 50000.00, 50000.00, 0.00, '2026-03-02', 'Cheque', 'TXN17742638000192', 'paid', 'Payment received in full', '2026-03-23 11:03:20', '2026-03-23 11:03:20'),
(4, 'NIC11A04', '2024-2025', 'First Semester', 50000.00, 50000.00, 0.00, '2026-03-18', 'Online Payment', 'TXN17742638000193', 'paid', 'Payment received in full', '2026-03-23 11:03:20', '2026-03-23 11:03:20'),
(5, 'NIC11A05', '2024-2025', 'First Semester', 50000.00, 50000.00, 0.00, '2026-03-14', 'Online Payment', 'TXN17742638000194', 'paid', 'Payment received in full', '2026-03-23 11:03:20', '2026-03-23 11:03:20'),
(6, 'NIC11A06', '2024-2025', 'First Semester', 50000.00, 50000.00, 0.00, '2026-03-20', 'Cash', 'TXN17742638000195', 'paid', 'Payment received in full', '2026-03-23 11:03:20', '2026-03-23 11:03:20'),
(7, 'NIC11A07', '2024-2025', 'First Semester', 50000.00, 20000.00, 30000.00, '2026-03-15', 'Bank Transfer', 'TXN17742638000626', 'partial', 'Partial payment - Rs. 20,000 paid, Rs. 30,000 remaining', '2026-03-23 11:03:20', '2026-03-23 11:19:41'),
(8, 'NIC11A08', '2024-2025', 'First Semester', 50000.00, 25000.00, 25000.00, '2026-03-11', 'Cash', 'TXN17742638000627', 'partial', 'Partial payment - Rs. 25,000 paid, Rs. 25,000 remaining', '2026-03-23 11:03:20', '2026-03-23 11:03:20'),
(9, 'NIC11A09', '2024-2025', 'First Semester', 50000.00, 12500.00, 37500.00, '2026-02-18', 'Cash', 'TXN17742638000628', 'partial', 'Partial payment - Rs. 12,500 paid, Rs. 37,500 remaining', '2026-03-23 11:03:20', '2026-03-23 11:03:20'),
(10, 'NIC11A10', '2024-2025', 'First Semester', 50000.00, 25000.00, 25000.00, '2026-02-25', 'Cash', 'TXN17742638000639', 'partial', 'Partial payment - Rs. 25,000 paid, Rs. 25,000 remaining', '2026-03-23 11:03:20', '2026-03-23 11:03:20'),
(11, 'NIC11A11', '2024-2025', 'First Semester', 50000.00, 37500.00, 12500.00, '2026-02-13', 'Cheque', 'TXN177426380006310', 'partial', 'Partial payment - Rs. 37,500 paid, Rs. 12,500 remaining', '2026-03-23 11:03:20', '2026-03-23 11:03:20'),
(12, 'NIC11A12', '2024-2025', 'First Semester', 50000.00, 37500.00, 12500.00, '2026-02-28', 'Cheque', 'TXN177426380006311', 'partial', 'Partial payment - Rs. 37,500 paid, Rs. 12,500 remaining', '2026-03-23 11:03:20', '2026-03-23 11:03:20'),
(13, 'NIC11A13', '2024-2025', 'First Semester', 50000.00, 25000.00, 25000.00, '2026-03-20', 'Cash', 'TXN177426380006312', 'partial', 'Partial payment - Rs. 25,000 paid, Rs. 25,000 remaining', '2026-03-23 11:03:20', '2026-03-23 11:03:20'),
(14, 'NIC11A14', '2024-2025', 'First Semester', 50000.00, 0.00, 50000.00, NULL, NULL, NULL, 'pending', 'Payment pending - awaiting payment', '2026-03-23 11:03:20', '2026-03-23 11:03:20'),
(15, 'NIC11A15', '2024-2025', 'First Semester', 50000.00, 0.00, 50000.00, NULL, NULL, NULL, 'pending', 'Payment pending - awaiting payment', '2026-03-23 11:03:20', '2026-03-23 11:03:20'),
(16, 'NIC11A16', '2024-2025', 'First Semester', 50000.00, 0.00, 50000.00, NULL, NULL, NULL, 'pending', 'Payment pending - awaiting payment', '2026-03-23 11:03:20', '2026-03-23 11:03:20'),
(17, 'NIC11A17', '2024-2025', 'First Semester', 50000.00, 0.00, 50000.00, NULL, NULL, NULL, 'pending', 'Payment pending - awaiting payment', '2026-03-23 11:03:20', '2026-03-23 11:03:20'),
(18, 'NIC11A18', '2024-2025', 'First Semester', 50000.00, 0.00, 50000.00, NULL, NULL, NULL, 'pending', 'Payment pending - awaiting payment', '2026-03-23 11:03:20', '2026-03-23 11:03:20'),
(19, 'NIC11A19', '2024-2025', 'First Semester', 50000.00, 0.00, 50000.00, NULL, NULL, NULL, 'overdue', 'Payment overdue - reminder sent multiple times', '2026-03-23 11:03:20', '2026-03-23 11:03:20'),
(20, 'NIC11A20', '2024-2025', 'First Semester', 50000.00, 0.00, 50000.00, NULL, NULL, NULL, 'overdue', 'Payment overdue - reminder sent multiple times', '2026-03-23 11:03:20', '2026-03-23 11:03:20');

-- --------------------------------------------------------

--
-- Table structure for table notifications
--

CREATE TABLE notifications (
  id INTEGER NOT NULL,
  title VARCHAR(200) NOT NULL,
  message TEXT NOT NULL,
  type VARCHAR(20) CHECK (column_name IN ('announcement', 'test', 'result', 'event')) NOT NULL,
  target_role VARCHAR(20) CHECK (column_name IN ('all', 'student', 'faculty')) DEFAULT 'all',
  target_program VARCHAR(50) DEFAULT 'all',
  is_active tinyINTEGER DEFAULT 1,
  created_by INTEGER NOT NULL,
  created_at TIMESTAMP DEFAULT CURRENT_TIMESTAMP
);

-- --------------------------------------------------------

--
-- Table structure for table results
--

CREATE TABLE results (
  id INTEGER NOT NULL,
  student_id INTEGER NOT NULL,
  course_id INTEGER NOT NULL,
  term VARCHAR(20) DEFAULT NULL,
  exam_type VARCHAR(20) CHECK (column_name IN ('first_term', 'second_term', 'third_term')) NOT NULL,
  theory_marks DECIMAL(5,2) DEFAULT NULL,
  theory_total DECIMAL(5,2) DEFAULT 60.00,
  practical_marks DECIMAL(5,2) DEFAULT NULL,
  practical_total DECIMAL(5,2) DEFAULT 20.00,
  internal_marks DECIMAL(5,2) DEFAULT NULL,
  internal_total DECIMAL(5,2) DEFAULT 20.00,
  marks_obtained DECIMAL(5,2) NOT NULL,
  total_marks DECIMAL(5,2) NOT NULL DEFAULT 100.00,
  percentage DECIMAL(5,2) DEFAULT NULL,
  grade VARCHAR(5) DEFAULT NULL,
  uploaded_by INTEGER NOT NULL,
  created_at TIMESTAMP DEFAULT CURRENT_TIMESTAMP
);

--
-- Dumping data for table results
--

INSERT INTO results (id, student_id, course_id, term, exam_type, theory_marks, theory_total, practical_marks, practical_total, internal_marks, internal_total, marks_obtained, total_marks, percentage, grade, uploaded_by, created_at) VALUES
(1, 1, 3, NULL, 'first_term', 59.00, 60.00, 15.00, 20.00, 16.00, 20.00, 90.00, 100.00, NULL, NULL, 1, '2026-03-22 17:57:53'),
(2, 1, 2, NULL, 'first_term', 57.00, 60.00, 17.00, 20.00, 15.00, 20.00, 89.00, 100.00, NULL, NULL, 1, '2026-03-22 17:57:53'),
(3, 1, 5, NULL, 'first_term', 46.00, 60.00, 16.00, 20.00, 15.00, 20.00, 77.00, 100.00, NULL, NULL, 1, '2026-03-22 17:57:53'),
(4, 1, 6, NULL, 'first_term', 47.00, 60.00, 16.00, 20.00, 19.00, 20.00, 82.00, 100.00, NULL, NULL, 1, '2026-03-22 17:57:53'),
(5, 1, 4, NULL, 'first_term', 46.00, 60.00, 16.00, 20.00, 19.00, 20.00, 81.00, 100.00, NULL, NULL, 1, '2026-03-22 17:57:53'),
(6, 1, 7, NULL, 'first_term', 58.00, 60.00, 15.00, 20.00, 18.00, 20.00, 91.00, 100.00, NULL, NULL, 1, '2026-03-22 17:57:53'),
(7, 1, 1, NULL, 'first_term', 46.00, 60.00, 17.00, 20.00, 16.00, 20.00, 79.00, 100.00, NULL, NULL, 1, '2026-03-22 17:57:53'),
(8, 1, 3, NULL, 'second_term', 46.00, 60.00, 16.00, 20.00, 17.00, 20.00, 79.00, 100.00, NULL, NULL, 1, '2026-03-22 17:57:53'),
(9, 1, 2, NULL, 'second_term', 45.00, 60.00, 17.00, 20.00, 17.00, 20.00, 79.00, 100.00, NULL, NULL, 1, '2026-03-22 17:57:53'),
(10, 1, 5, NULL, 'second_term', 49.00, 60.00, 17.00, 20.00, 18.00, 20.00, 84.00, 100.00, NULL, NULL, 1, '2026-03-22 17:57:53'),
(11, 1, 6, NULL, 'second_term', 58.00, 60.00, 19.00, 20.00, 16.00, 20.00, 93.00, 100.00, NULL, NULL, 1, '2026-03-22 17:57:53'),
(12, 1, 4, NULL, 'second_term', 45.00, 60.00, 16.00, 20.00, 19.00, 20.00, 80.00, 100.00, NULL, NULL, 1, '2026-03-22 17:57:53'),
(13, 1, 7, NULL, 'second_term', 56.00, 60.00, 17.00, 20.00, 18.00, 20.00, 91.00, 100.00, NULL, NULL, 1, '2026-03-22 17:57:53'),
(14, 1, 1, NULL, 'second_term', 50.00, 60.00, 17.00, 20.00, 15.00, 20.00, 82.00, 100.00, NULL, NULL, 1, '2026-03-22 17:57:53'),
(15, 1, 3, NULL, 'third_term', 56.00, 60.00, 19.00, 20.00, 19.00, 20.00, 94.00, 100.00, NULL, NULL, 1, '2026-03-22 17:57:53'),
(16, 1, 2, NULL, 'third_term', 57.00, 60.00, 19.00, 20.00, 19.00, 20.00, 95.00, 100.00, NULL, NULL, 1, '2026-03-22 17:57:53'),
(17, 1, 5, NULL, 'third_term', 56.00, 60.00, 15.00, 20.00, 18.00, 20.00, 89.00, 100.00, NULL, NULL, 1, '2026-03-22 17:57:53'),
(18, 1, 6, NULL, 'third_term', 54.00, 60.00, 15.00, 20.00, 17.00, 20.00, 86.00, 100.00, NULL, NULL, 1, '2026-03-22 17:57:53'),
(19, 1, 4, NULL, 'third_term', 50.00, 60.00, 17.00, 20.00, 15.00, 20.00, 82.00, 100.00, NULL, NULL, 1, '2026-03-22 17:57:53'),
(20, 1, 7, NULL, 'third_term', 47.00, 60.00, 18.00, 20.00, 16.00, 20.00, 81.00, 100.00, NULL, NULL, 1, '2026-03-22 17:57:53'),
(21, 1, 1, NULL, 'third_term', 55.00, 60.00, 16.00, 20.00, 19.00, 20.00, 90.00, 100.00, NULL, NULL, 1, '2026-03-22 17:57:53'),
(22, 1, 1, 'First Term', 'first_term', 52.00, 60.00, 12.00, 20.00, NULL, 20.00, 0.00, 64.00, 64.00, 'B', 1, '2026-03-22 18:35:11'),
(23, 2, 1, 'First Term', 'first_term', 24.00, 60.00, 25.00, 20.00, NULL, 20.00, 0.00, 49.00, 49.00, 'C', 1, '2026-03-22 18:35:11'),
(24, 3, 1, 'First Term', 'first_term', 65.00, 60.00, 25.00, 20.00, NULL, 20.00, 0.00, 90.00, 90.00, 'A+', 1, '2026-03-22 18:35:11'),
(25, 4, 1, 'First Term', 'first_term', 47.00, 60.00, 19.00, 20.00, NULL, 20.00, 0.00, 66.00, 66.00, 'B', 1, '2026-03-22 18:35:11'),
(26, 5, 1, 'First Term', 'first_term', 56.00, 60.00, 20.00, 20.00, NULL, 20.00, 0.00, 76.00, 76.00, 'B+', 1, '2026-03-22 18:35:11'),
(27, 6, 1, 'First Term', 'first_term', 65.00, 60.00, 21.00, 20.00, NULL, 20.00, 0.00, 86.00, 86.00, 'A', 1, '2026-03-22 18:35:11'),
(28, 7, 1, 'First Term', 'first_term', 70.00, 60.00, 21.50, 20.00, NULL, 20.00, 0.00, 91.50, 91.50, 'A+', 1, '2026-03-22 18:35:11'),
(29, 8, 1, 'First Term', 'first_term', 75.00, 60.00, 22.00, 20.00, NULL, 20.00, 0.00, 97.00, 97.00, 'A+', 1, '2026-03-22 18:35:11'),
(30, 9, 1, 'First Term', 'first_term', 45.00, 60.00, 23.00, 20.00, NULL, 20.00, 0.00, 68.00, 68.00, 'B', 1, '2026-03-22 18:35:11'),
(31, 10, 1, 'First Term', 'first_term', 52.00, 60.00, 23.50, 20.00, NULL, 20.00, 0.00, 75.50, 75.50, 'B+', 1, '2026-03-22 18:35:11'),
(32, 11, 1, 'First Term', 'first_term', 22.00, 60.00, 17.00, 20.00, NULL, 20.00, 0.00, 39.00, 39.00, 'F', 1, '2026-03-22 18:35:11'),
(33, 12, 1, 'First Term', 'first_term', 50.00, 60.00, 18.00, 20.00, NULL, 20.00, 0.00, 68.00, 68.00, 'B', 1, '2026-03-22 18:35:11'),
(34, 13, 1, 'First Term', 'first_term', 30.00, 60.00, 18.00, 20.00, NULL, 20.00, 0.00, 48.00, 48.00, 'C', 1, '2026-03-22 18:35:11'),
(35, 14, 1, 'First Term', 'first_term', 25.00, 60.00, 18.00, 20.00, NULL, 20.00, 0.00, 43.00, 43.00, 'C', 1, '2026-03-22 18:35:11'),
(36, 205, 1, 'First Term', 'first_term', 19.50, 60.00, 18.00, 20.00, NULL, 20.00, 0.00, 37.50, 37.50, 'F', 1, '2026-03-22 18:35:11'),
(37, 16, 1, 'First Term', 'first_term', 22.00, 60.00, 15.00, 20.00, NULL, 20.00, 0.00, 37.00, 37.00, 'F', 1, '2026-03-22 18:35:11'),
(38, 17, 1, 'First Term', 'first_term', 24.00, 60.00, 12.50, 20.00, NULL, 20.00, 0.00, 36.50, 36.50, 'F', 1, '2026-03-22 18:35:11'),
(39, 18, 1, 'First Term', 'first_term', 36.00, 60.00, 15.00, 20.00, NULL, 20.00, 0.00, 51.00, 51.00, 'C+', 1, '2026-03-22 18:35:11'),
(40, 19, 1, 'First Term', 'first_term', 66.00, 60.00, 15.00, 20.00, NULL, 20.00, 0.00, 81.00, 81.00, 'A', 1, '2026-03-22 18:35:11'),
(41, 20, 1, 'First Term', 'first_term', 62.00, 60.00, 15.00, 20.00, NULL, 20.00, 0.00, 77.00, 77.00, 'B+', 1, '2026-03-22 18:35:11');

-- --------------------------------------------------------

--
-- Table structure for table students
--

CREATE TABLE students (
  id INTEGER NOT NULL,
  user_id INTEGER NOT NULL,
  student_id VARCHAR(50) NOT NULL,
  first_name VARCHAR(100) NOT NULL,
  last_name VARCHAR(100) NOT NULL,
  phone VARCHAR(20) DEFAULT NULL,
  address TEXT DEFAULT NULL,
  class VARCHAR(20) CHECK (column_name IN ('11', '12')) NOT NULL,
  section VARCHAR(20) CHECK (column_name IN ('A', 'B', 'C', 'D', 'E')) NOT NULL,
  roll_number INTEGER NOT NULL,
  guardian_name VARCHAR(200) DEFAULT NULL,
  guardian_phone VARCHAR(20) DEFAULT NULL,
  enrollment_date date NOT NULL
);

--
-- Dumping data for table students
--

INSERT INTO students (id, user_id, student_id, first_name, last_name, phone, address, class, section, roll_number, guardian_name, guardian_phone, enrollment_date) VALUES
(1, 5, 'NIC11A01', 'Anish', 'Shrestha', '9826988491', 'Birgunj-15', '11', 'A', 1, 'Rajan Singh Shrestha', '9852413665', '2024-01-15'),
(2, 6, 'NIC11A02', 'Krishna', 'Shrestha', '9861144112', 'Birgunj-10', '11', 'A', 2, 'Suresh Kumar Shrestha', '9877627091', '2024-01-15'),
(3, 7, 'NIC11A03', 'Bina', 'Thapa', '9895772689', 'Birgunj-5', '11', 'A', 3, 'Devendra Lal Thapa', '9864540930', '2024-01-15'),
(4, 8, 'NIC11A04', 'Sagar', 'Bhandari', '9821572246', 'Birgunj-14', '11', 'A', 4, 'Krishna Bahadur Bhandari', '9870375028', '2024-01-15'),
(5, 9, 'NIC11A05', 'Ramesh', 'Magar', '9860816581', 'Birgunj-10', '11', 'A', 5, 'Gopal Singh Magar', '9836493226', '2024-01-15'),
(6, 10, 'NIC11A06', 'Pooja', 'Bhandari', '9896889544', 'Birgunj-1', '11', 'A', 6, 'Mohan Lal Bhandari', '9812958888', '2024-01-15'),
(7, 11, 'NIC11A07', 'Priya', 'Bhattarai', '9833259581', 'Birgunj-13', '11', 'A', 7, 'Hari Prasad Bhattarai', '9844248167', '2024-01-15'),
(8, 12, 'NIC11A08', 'Pooja', 'Rai', '9810271932', 'Birgunj-10', '11', 'A', 8, 'Suresh Kumar Rai', '9876012548', '2024-01-15'),
(9, 13, 'NIC11A09', 'Suraj', 'Tamang', '9892768094', 'Birgunj-4', '11', 'A', 9, 'Ram Bahadur Tamang', '9843889940', '2024-01-15'),
(10, 14, 'NIC11A10', 'Gita', 'Ghimire', '9863421973', 'Birgunj-9', '11', 'A', 10, 'Hari Prasad Ghimire', '9858017981', '2024-01-15'),
(11, 15, 'NIC11A11', 'Aarav', 'Bhandari', '9875890067', 'Birgunj-3', '11', 'A', 11, 'Mohan Lal Bhandari', '9849859465', '2024-01-15'),
(12, 16, 'NIC11A12', 'Nabin', 'Koirala', '9878288226', 'Birgunj-11', '11', 'A', 12, 'Devendra Lal Koirala', '9844578654', '2024-01-15'),
(13, 17, 'NIC11A13', 'Prakash', 'Sharma', '9842773808', 'Birgunj-9', '11', 'A', 13, 'Suresh Kumar Sharma', '9815151474', '2024-01-15'),
(14, 18, 'NIC11A14', 'Prakash', 'Subedi', '9845771244', 'Birgunj-4', '11', 'A', 14, 'Devendra Lal Subedi', '9849772844', '2024-01-15'),
(16, 20, 'NIC11A16', 'Anjali', 'Rai', '9894940133', 'Birgunj-5', '11', 'A', 16, 'Rajan Singh Rai', '9880577598', '2024-01-15'),
(17, 21, 'NIC11A17', 'Sunita', 'Limbu', '9838216149', 'Birgunj-11', '11', 'A', 17, 'Sohan Kumar Limbu', '9880534265', '2024-01-15'),
(18, 22, 'NIC11A18', 'Binita', 'Shrestha', '9815889032', 'Birgunj-7', '11', 'A', 18, 'Sohan Kumar Shrestha', '9858324089', '2024-01-15'),
(19, 23, 'NIC11A19', 'Nabin', 'Acharya', '9891500661', 'Birgunj-8', '11', 'A', 19, 'Ram Bahadur Acharya', '9861465980', '2024-01-15'),
(20, 24, 'NIC11A20', 'Pooja', 'Shrestha', '9821889444', 'Birgunj-4', '11', 'A', 20, 'Devendra Lal Shrestha', '9819779128', '2024-01-15'),
(21, 25, 'NIC11B01', 'Bishal', 'Thapa', '9837922474', 'Birgunj-14', '11', 'B', 1, 'Surendra Singh Thapa', '9864154803', '2024-01-15'),
(22, 26, 'NIC11B02', 'Ramesh', 'Adhikari', '9838543362', 'Birgunj-2', '11', 'B', 2, 'Hari Prasad Adhikari', '9835066439', '2024-01-15'),
(23, 27, 'NIC11B03', 'Nabin', 'Koirala', '9857841192', 'Birgunj-10', '11', 'B', 3, 'Sohan Kumar Koirala', '9897652950', '2024-01-15'),
(24, 28, 'NIC11B04', 'Dinesh', 'Poudel', '9839342171', 'Birgunj-2', '11', 'B', 4, 'Mahesh Prasad Poudel', '9895253383', '2024-01-15'),
(25, 29, 'NIC11B05', 'Nisha', 'Acharya', '9827519474', 'Birgunj-2', '11', 'B', 5, 'Rajendra Kumar Acharya', '9820218055', '2024-01-15'),
(26, 30, 'NIC11B06', 'Priya', 'Khadka', '9871865998', 'Birgunj-6', '11', 'B', 6, 'Naresh Bahadur Khadka', '9839710888', '2024-01-15'),
(27, 31, 'NIC11B07', 'Radha', 'Bhattarai', '9870345312', 'Birgunj-12', '11', 'B', 7, 'Surendra Singh Bhattarai', '9872749406', '2024-01-15'),
(28, 32, 'NIC11B08', 'Prakash', 'Ghimire', '9834008729', 'Birgunj-12', '11', 'B', 8, 'Rajan Singh Ghimire', '9877837502', '2024-01-15'),
(29, 33, 'NIC11B09', 'Prakash', 'Sharma', '9862640064', 'Birgunj-10', '11', 'B', 9, 'Krishna Bahadur Sharma', '9894609911', '2024-01-15'),
(30, 34, 'NIC11B10', 'Bishal', 'Karki', '9880485306', 'Birgunj-13', '11', 'B', 10, 'Ram Bahadur Karki', '9841805254', '2024-01-15'),
(31, 35, 'NIC11B11', 'Anish', 'Khadka', '9858351495', 'Birgunj-10', '11', 'B', 11, 'Devendra Lal Khadka', '9837434739', '2024-01-15'),
(32, 36, 'NIC11B12', 'Sita', 'Thapa', '9850909199', 'Birgunj-13', '11', 'B', 12, 'Suresh Kumar Thapa', '9836732206', '2024-01-15'),
(33, 37, 'NIC11B13', 'Sita', 'Poudel', '9873227894', 'Birgunj-9', '11', 'B', 13, 'Gopal Singh Poudel', '9852861889', '2024-01-15'),
(34, 38, 'NIC11B14', 'Kritika', 'Khadka', '9862740701', 'Birgunj-4', '11', 'B', 14, 'Shyam Kumar Khadka', '9882012966', '2024-01-15'),
(35, 39, 'NIC11B15', 'Sita', 'Karki', '9882751963', 'Birgunj-12', '11', 'B', 15, 'Surendra Singh Karki', '9885159530', '2024-01-15'),
(36, 40, 'NIC11B16', 'Aarav', 'Pandey', '9885564999', 'Birgunj-13', '11', 'B', 16, 'Rajan Singh Pandey', '9847936811', '2024-01-15'),
(37, 41, 'NIC11B17', 'Sunita', 'Bhattarai', '9872375746', 'Birgunj-7', '11', 'B', 17, 'Rajendra Kumar Bhattarai', '9865409590', '2024-01-15'),
(38, 42, 'NIC11B18', 'Sabina', 'Gurung', '9871368881', 'Birgunj-15', '11', 'B', 18, 'Naresh Bahadur Gurung', '9875966226', '2024-01-15'),
(39, 43, 'NIC11B19', 'Prakash', 'Adhikari', '9896121329', 'Birgunj-4', '11', 'B', 19, 'Gopal Singh Adhikari', '9885004753', '2024-01-15'),
(40, 44, 'NIC11B20', 'Kiran', 'Gurung', '9885779215', 'Birgunj-11', '11', 'B', 20, 'Devendra Lal Gurung', '9850602917', '2024-01-15'),
(41, 45, 'NIC11C01', 'Aarti', 'Adhikari', '9831236643', 'Birgunj-3', '11', 'C', 1, 'Surendra Singh Adhikari', '9891994723', '2024-01-15'),
(42, 46, 'NIC11C02', 'Aarti', 'Regmi', '9884048236', 'Birgunj-14', '11', 'C', 2, 'Devendra Lal Regmi', '9817205486', '2024-01-15'),
(43, 47, 'NIC11C03', 'Dipesh', 'Adhikari', '9827931140', 'Birgunj-6', '11', 'C', 3, 'Mohan Lal Adhikari', '9833441034', '2024-01-15'),
(44, 48, 'NIC11C04', 'Nisha', 'Gurung', '9827893999', 'Birgunj-11', '11', 'C', 4, 'Mohan Lal Gurung', '9851697456', '2024-01-15'),
(45, 49, 'NIC11C05', 'Aarav', 'Khadka', '9832148970', 'Birgunj-8', '11', 'C', 5, 'Naresh Bahadur Khadka', '9815374194', '2024-01-15'),
(46, 50, 'NIC11C06', 'Dipesh', 'Magar', '9848762856', 'Birgunj-15', '11', 'C', 6, 'Krishna Bahadur Magar', '9852135494', '2024-01-15'),
(47, 51, 'NIC11C07', 'Bishal', 'Subedi', '9834555211', 'Birgunj-1', '11', 'C', 7, 'Kiran Bahadur Subedi', '9854705739', '2024-01-15'),
(48, 52, 'NIC11C08', 'Ramesh', 'Poudel', '9892113716', 'Birgunj-1', '11', 'C', 8, 'Ram Bahadur Poudel', '9892124926', '2024-01-15'),
(49, 53, 'NIC11C09', 'Akriti', 'Karki', '9882881510', 'Birgunj-6', '11', 'C', 9, 'Naresh Bahadur Karki', '9818133954', '2024-01-15'),
(50, 54, 'NIC11C10', 'Kabita', 'Sharma', '9839394660', 'Birgunj-5', '11', 'C', 10, 'Rajendra Kumar Sharma', '9866263971', '2024-01-15'),
(51, 55, 'NIC11C11', 'Gita', 'Magar', '9860913651', 'Birgunj-13', '11', 'C', 11, 'Rajan Singh Magar', '9878144380', '2024-01-15'),
(52, 56, 'NIC11C12', 'Prakash', 'Limbu', '9861183070', 'Birgunj-14', '11', 'C', 12, 'Krishna Bahadur Limbu', '9871105983', '2024-01-15'),
(53, 57, 'NIC11C13', 'Sandesh', 'Shrestha', '9829537996', 'Birgunj-11', '11', 'C', 13, 'Krishna Bahadur Shrestha', '9880824300', '2024-01-15'),
(54, 58, 'NIC11C14', 'Sagar', 'Khadka', '9855835692', 'Birgunj-8', '11', 'C', 14, 'Devendra Lal Khadka', '9899587599', '2024-01-15'),
(55, 59, 'NIC11C15', 'Sabina', 'Pandey', '9846410248', 'Birgunj-3', '11', 'C', 15, 'Hari Prasad Pandey', '9817326357', '2024-01-15'),
(56, 60, 'NIC11C16', 'Ramesh', 'Khadka', '9841847720', 'Birgunj-11', '11', 'C', 16, 'Gopal Singh Khadka', '9851762998', '2024-01-15'),
(57, 61, 'NIC11C17', 'Aarav', 'Regmi', '9846576100', 'Birgunj-4', '11', 'C', 17, 'Rajan Singh Regmi', '9878653794', '2024-01-15'),
(58, 62, 'NIC11C18', 'Dipesh', 'Acharya', '9825689699', 'Birgunj-8', '11', 'C', 18, 'Ram Bahadur Acharya', '9871115857', '2024-01-15'),
(59, 63, 'NIC11C19', 'Ramesh', 'Rai', '9812958553', 'Birgunj-4', '11', 'C', 19, 'Shyam Kumar Rai', '9878658784', '2024-01-15'),
(60, 64, 'NIC11C20', 'Rajesh', 'Bhattarai', '9832701837', 'Birgunj-11', '11', 'C', 20, 'Krishna Bahadur Bhattarai', '9877420158', '2024-01-15'),
(61, 65, 'NIC11D01', 'Bishal', 'Regmi', '9831077538', 'Birgunj-6', '11', 'D', 1, 'Gopal Singh Regmi', '9881972646', '2024-01-15'),
(62, 66, 'NIC11D02', 'Kritika', 'Bhattarai', '9834715475', 'Birgunj-8', '11', 'D', 2, 'Shyam Kumar Bhattarai', '9888398933', '2024-01-15'),
(63, 67, 'NIC11D03', 'Prakash', 'Bhandari', '9875484624', 'Birgunj-5', '11', 'D', 3, 'Mahesh Prasad Bhandari', '9869247972', '2024-01-15'),
(64, 68, 'NIC11D04', 'Krishna', 'Acharya', '9886945026', 'Birgunj-3', '11', 'D', 4, 'Surendra Singh Acharya', '9888343517', '2024-01-15'),
(65, 69, 'NIC11D05', 'Diksha', 'Khadka', '9824182460', 'Birgunj-15', '11', 'D', 5, 'Rajan Singh Khadka', '9819055035', '2024-01-15'),
(66, 70, 'NIC11D06', 'Suraj', 'Rai', '9872430009', 'Birgunj-12', '11', 'D', 6, 'Devendra Lal Rai', '9862690383', '2024-01-15'),
(67, 71, 'NIC11D07', 'Priya', 'Thapa', '9848534156', 'Birgunj-5', '11', 'D', 7, 'Kiran Bahadur Thapa', '9867270037', '2024-01-15'),
(68, 72, 'NIC11D08', 'Kamala', 'Thapa', '9855129984', 'Birgunj-8', '11', 'D', 8, 'Mahesh Prasad Thapa', '9866435924', '2024-01-15'),
(69, 73, 'NIC11D09', 'Kamala', 'Limbu', '9885066344', 'Birgunj-13', '11', 'D', 9, 'Mohan Lal Limbu', '9839291104', '2024-01-15'),
(70, 74, 'NIC11D10', 'Radha', 'Karki', '9887179495', 'Birgunj-11', '11', 'D', 10, 'Surendra Singh Karki', '9873088451', '2024-01-15'),
(71, 75, 'NIC11D11', 'Sabina', 'Khadka', '9820883796', 'Birgunj-11', '11', 'D', 11, 'Krishna Bahadur Khadka', '9887080146', '2024-01-15'),
(72, 76, 'NIC11D12', 'Aarti', 'Tamang', '9857946485', 'Birgunj-15', '11', 'D', 12, 'Mohan Lal Tamang', '9899723950', '2024-01-15'),
(73, 77, 'NIC11D13', 'Anita', 'Tamang', '9873627567', 'Birgunj-7', '11', 'D', 13, 'Sohan Kumar Tamang', '9863270533', '2024-01-15'),
(74, 78, 'NIC11D14', 'Anish', 'Adhikari', '9881459656', 'Birgunj-3', '11', 'D', 14, 'Ram Bahadur Adhikari', '9817879999', '2024-01-15'),
(75, 79, 'NIC11D15', 'Suraj', 'Rai', '9841743013', 'Birgunj-15', '11', 'D', 15, 'Suresh Kumar Rai', '9830808418', '2024-01-15'),
(76, 80, 'NIC11D16', 'Sunita', 'Acharya', '9840102865', 'Birgunj-3', '11', 'D', 16, 'Mohan Lal Acharya', '9830198487', '2024-01-15'),
(77, 81, 'NIC11D17', 'Sita', 'Shrestha', '9838438524', 'Birgunj-3', '11', 'D', 17, 'Krishna Bahadur Shrestha', '9885348710', '2024-01-15'),
(78, 82, 'NIC11D18', 'Aarti', 'Gurung', '9856559267', 'Birgunj-15', '11', 'D', 18, 'Devendra Lal Gurung', '9854344591', '2024-01-15'),
(79, 83, 'NIC11D19', 'Kamala', 'Adhikari', '9861229141', 'Birgunj-14', '11', 'D', 19, 'Ram Bahadur Adhikari', '9899380013', '2024-01-15'),
(80, 84, 'NIC11D20', 'Bikash', 'Khadka', '9838667585', 'Birgunj-9', '11', 'D', 20, 'Ram Bahadur Khadka', '9834891852', '2024-01-15'),
(81, 85, 'NIC11E01', 'Krishna', 'Bhattarai', '9896581805', 'Birgunj-14', '11', 'E', 1, 'Rajan Singh Bhattarai', '9810243431', '2024-01-15'),
(82, 86, 'NIC11E02', 'Kritika', 'Sharma', '9837531608', 'Birgunj-12', '11', 'E', 2, 'Gopal Singh Sharma', '9821806189', '2024-01-15'),
(83, 87, 'NIC11E03', 'Sagar', 'Gurung', '9880633900', 'Birgunj-10', '11', 'E', 3, 'Devendra Lal Gurung', '9829265270', '2024-01-15'),
(84, 88, 'NIC11E04', 'Sagar', 'Pandey', '9853393845', 'Birgunj-1', '11', 'E', 4, 'Rajan Singh Pandey', '9844870338', '2024-01-15'),
(85, 89, 'NIC11E05', 'Sita', 'Pandey', '9862272047', 'Birgunj-14', '11', 'E', 5, 'Surendra Singh Pandey', '9856482602', '2024-01-15'),
(86, 90, 'NIC11E06', 'Anita', 'Bhandari', '9821100575', 'Birgunj-9', '11', 'E', 6, 'Devendra Lal Bhandari', '9822567590', '2024-01-15'),
(87, 91, 'NIC11E07', 'Nisha', 'Rai', '9817073649', 'Birgunj-9', '11', 'E', 7, 'Sohan Kumar Rai', '9887057838', '2024-01-15'),
(88, 92, 'NIC11E08', 'Bibek', 'Regmi', '9815424894', 'Birgunj-7', '11', 'E', 8, 'Rajan Singh Regmi', '9810635307', '2024-01-15'),
(89, 93, 'NIC11E09', 'Aayush', 'Sharma', '9849811292', 'Birgunj-14', '11', 'E', 9, 'Hari Prasad Sharma', '9832136925', '2024-01-15'),
(90, 94, 'NIC11E10', 'Bishal', 'Regmi', '9815866998', 'Birgunj-11', '11', 'E', 10, 'Surendra Singh Regmi', '9890172200', '2024-01-15'),
(91, 95, 'NIC11E11', 'Dinesh', 'Karki', '9876926121', 'Birgunj-1', '11', 'E', 11, 'Suresh Kumar Karki', '9826547175', '2024-01-15'),
(92, 96, 'NIC11E12', 'Radha', 'Rai', '9841619391', 'Birgunj-4', '11', 'E', 12, 'Kiran Bahadur Rai', '9860979139', '2024-01-15'),
(93, 97, 'NIC11E13', 'Bibek', 'Acharya', '9852077471', 'Birgunj-8', '11', 'E', 13, 'Naresh Bahadur Acharya', '9861908580', '2024-01-15'),
(94, 98, 'NIC11E14', 'Nabin', 'Koirala', '9886929435', 'Birgunj-8', '11', 'E', 14, 'Krishna Bahadur Koirala', '9878932187', '2024-01-15'),
(95, 99, 'NIC11E15', 'Binita', 'Gurung', '9882954641', 'Birgunj-6', '11', 'E', 15, 'Devendra Lal Gurung', '9825621040', '2024-01-15'),
(96, 100, 'NIC11E16', 'Krishna', 'Pandey', '9830430985', 'Birgunj-6', '11', 'E', 16, 'Suresh Kumar Pandey', '9872508186', '2024-01-15'),
(97, 101, 'NIC11E17', 'Kabita', 'Koirala', '9810821071', 'Birgunj-11', '11', 'E', 17, 'Sohan Kumar Koirala', '9828878115', '2024-01-15'),
(98, 102, 'NIC11E18', 'Aarav', 'Adhikari', '9884040541', 'Birgunj-9', '11', 'E', 18, 'Rajendra Kumar Adhikari', '9861556013', '2024-01-15'),
(99, 103, 'NIC11E19', 'Kamala', 'Bhandari', '9821939286', 'Birgunj-5', '11', 'E', 19, 'Gopal Singh Bhandari', '9868627988', '2024-01-15'),
(100, 104, 'NIC11E20', 'Radha', 'Bhattarai', '9870451744', 'Birgunj-12', '11', 'E', 20, 'Krishna Bahadur Bhattarai', '9811233021', '2024-01-15'),
(101, 105, 'NIC12A01', 'Aarti', 'Tamang', '9855045601', 'Birgunj-14', '12', 'A', 1, 'Rajendra Kumar Tamang', '9812875737', '2024-01-15'),
(102, 106, 'NIC12A02', 'Sabina', 'Poudel', '9838455566', 'Birgunj-6', '12', 'A', 2, 'Hari Prasad Poudel', '9869117002', '2024-01-15'),
(103, 107, 'NIC12A03', 'Rohan', 'Poudel', '9833970521', 'Birgunj-6', '12', 'A', 3, 'Naresh Bahadur Poudel', '9838549677', '2024-01-15'),
(104, 108, 'NIC12A04', 'Akriti', 'Acharya', '9849717207', 'Birgunj-2', '12', 'A', 4, 'Surendra Singh Acharya', '9823686517', '2024-01-15'),
(105, 109, 'NIC12A05', 'Bibek', 'Limbu', '9886803226', 'Birgunj-1', '12', 'A', 5, 'Gopal Singh Limbu', '9861635826', '2024-01-15'),
(106, 110, 'NIC12A06', 'Pooja', 'Adhikari', '9890375624', 'Birgunj-4', '12', 'A', 6, 'Surendra Singh Adhikari', '9823271460', '2024-01-15'),
(107, 111, 'NIC12A07', 'Manish', 'Pandey', '9821122579', 'Birgunj-10', '12', 'A', 7, 'Ram Bahadur Pandey', '9853779347', '2024-01-15'),
(108, 112, 'NIC12A08', 'Suraj', 'Ghimire', '9875438704', 'Birgunj-8', '12', 'A', 8, 'Gopal Singh Ghimire', '9877027571', '2024-01-15'),
(109, 113, 'NIC12A09', 'Bishal', 'Gurung', '9897847954', 'Birgunj-8', '12', 'A', 9, 'Rajendra Kumar Gurung', '9825792390', '2024-01-15'),
(110, 114, 'NIC12A10', 'Rohan', 'Sharma', '9845320209', 'Birgunj-4', '12', 'A', 10, 'Mohan Lal Sharma', '9815420295', '2024-01-15'),
(111, 115, 'NIC12A11', 'Ramesh', 'Adhikari', '9884302209', 'Birgunj-6', '12', 'A', 11, 'Shyam Kumar Adhikari', '9870477042', '2024-01-15'),
(112, 116, 'NIC12A12', 'Kabita', 'Gurung', '9874683232', 'Birgunj-2', '12', 'A', 12, 'Shyam Kumar Gurung', '9898172052', '2024-01-15'),
(113, 117, 'NIC12A13', 'Sita', 'Pandey', '9850796679', 'Birgunj-9', '12', 'A', 13, 'Mahesh Prasad Pandey', '9898023048', '2024-01-15'),
(114, 118, 'NIC12A14', 'Prakash', 'Bhattarai', '9835627883', 'Birgunj-2', '12', 'A', 14, 'Kiran Bahadur Bhattarai', '9844324593', '2024-01-15'),
(115, 119, 'NIC12A15', 'Prakash', 'Khadka', '9851649446', 'Birgunj-3', '12', 'A', 15, 'Mahesh Prasad Khadka', '9889582315', '2024-01-15'),
(116, 120, 'NIC12A16', 'Krishna', 'Rai', '9810203581', 'Birgunj-4', '12', 'A', 16, 'Ram Bahadur Rai', '9834874468', '2024-01-15'),
(117, 121, 'NIC12A17', 'Kiran', 'Koirala', '9875520909', 'Birgunj-5', '12', 'A', 17, 'Naresh Bahadur Koirala', '9871521145', '2024-01-15'),
(118, 122, 'NIC12A18', 'Sita', 'Koirala', '9812512331', 'Birgunj-7', '12', 'A', 18, 'Mohan Lal Koirala', '9840742068', '2024-01-15'),
(119, 123, 'NIC12A19', 'Krishna', 'Bhandari', '9851351271', 'Birgunj-7', '12', 'A', 19, 'Surendra Singh Bhandari', '9882011629', '2024-01-15'),
(121, 125, 'NIC12B01', 'Aarav', 'Limbu', '9857301580', 'Birgunj-10', '12', 'B', 1, 'Rajan Singh Limbu', '9892525528', '2024-01-15'),
(122, 126, 'NIC12B02', 'Rina', 'Pandey', '9867585995', 'Birgunj-15', '12', 'B', 2, 'Sohan Kumar Pandey', '9821245865', '2024-01-15'),
(123, 127, 'NIC12B03', 'Nisha', 'Subedi', '9884766550', 'Birgunj-13', '12', 'B', 3, 'Kiran Bahadur Subedi', '9893683737', '2024-01-15'),
(124, 128, 'NIC12B04', 'Kiran', 'Ghimire', '9862966408', 'Birgunj-7', '12', 'B', 4, 'Hari Prasad Ghimire', '9856075274', '2024-01-15'),
(125, 129, 'NIC12B05', 'Manisha', 'Magar', '9836859947', 'Birgunj-4', '12', 'B', 5, 'Suresh Kumar Magar', '9887530895', '2024-01-15'),
(126, 130, 'NIC12B06', 'Sita', 'Regmi', '9811476384', 'Birgunj-3', '12', 'B', 6, 'Mohan Lal Regmi', '9857988762', '2024-01-15'),
(127, 131, 'NIC12B07', 'Akriti', 'Bhattarai', '9879998819', 'Birgunj-8', '12', 'B', 7, 'Rajendra Kumar Bhattarai', '9897728172', '2024-01-15'),
(128, 132, 'NIC12B08', 'Bishal', 'Poudel', '9897129719', 'Birgunj-8', '12', 'B', 8, 'Devendra Lal Poudel', '9857433138', '2024-01-15'),
(129, 133, 'NIC12B09', 'Manisha', 'Subedi', '9846787173', 'Birgunj-8', '12', 'B', 9, 'Suresh Kumar Subedi', '9820331268', '2024-01-15'),
(130, 134, 'NIC12B10', 'Krishna', 'Subedi', '9829559285', 'Birgunj-11', '12', 'B', 10, 'Naresh Bahadur Subedi', '9846475128', '2024-01-15'),
(131, 135, 'NIC12B11', 'Aarav', 'Subedi', '9852230551', 'Birgunj-13', '12', 'B', 11, 'Shyam Kumar Subedi', '9898816719', '2024-01-15'),
(132, 136, 'NIC12B12', 'Rajesh', 'Tamang', '9840813905', 'Birgunj-1', '12', 'B', 12, 'Mohan Lal Tamang', '9826522069', '2024-01-15'),
(133, 137, 'NIC12B13', 'Priya', 'Acharya', '9820228198', 'Birgunj-13', '12', 'B', 13, 'Sohan Kumar Acharya', '9855121345', '2024-01-15'),
(134, 138, 'NIC12B14', 'Sita', 'Subedi', '9864595940', 'Birgunj-1', '12', 'B', 14, 'Naresh Bahadur Subedi', '9848833157', '2024-01-15'),
(135, 139, 'NIC12B15', 'Bina', 'Bhandari', '9853749621', 'Birgunj-5', '12', 'B', 15, 'Naresh Bahadur Bhandari', '9868127429', '2024-01-15'),
(136, 140, 'NIC12B16', 'Pooja', 'Regmi', '9893404485', 'Birgunj-2', '12', 'B', 16, 'Ram Bahadur Regmi', '9877375595', '2024-01-15'),
(137, 141, 'NIC12B17', 'Rajesh', 'Bhattarai', '9813427668', 'Birgunj-12', '12', 'B', 17, 'Naresh Bahadur Bhattarai', '9824685420', '2024-01-15'),
(138, 142, 'NIC12B18', 'Ramesh', 'Limbu', '9882292334', 'Birgunj-15', '12', 'B', 18, 'Krishna Bahadur Limbu', '9829301728', '2024-01-15'),
(139, 143, 'NIC12B19', 'Akriti', 'Acharya', '9811225741', 'Birgunj-5', '12', 'B', 19, 'Naresh Bahadur Acharya', '9819854512', '2024-01-15'),
(140, 144, 'NIC12B20', 'Sita', 'Khadka', '9879576679', 'Birgunj-12', '12', 'B', 20, 'Gopal Singh Khadka', '9868788552', '2024-01-15'),
(141, 145, 'NIC12C01', 'Diksha', 'Karki', '9837938948', 'Birgunj-3', '12', 'C', 1, 'Devendra Lal Karki', '9843138205', '2024-01-15'),
(142, 146, 'NIC12C02', 'Dinesh', 'Sharma', '9816405494', 'Birgunj-15', '12', 'C', 2, 'Shyam Kumar Sharma', '9856457570', '2024-01-15'),
(143, 147, 'NIC12C03', 'Kamala', 'Regmi', '9830643729', 'Birgunj-11', '12', 'C', 3, 'Hari Prasad Regmi', '9874450309', '2024-01-15'),
(144, 148, 'NIC12C04', 'Sagar', 'Tamang', '9883760572', 'Birgunj-1', '12', 'C', 4, 'Sohan Kumar Tamang', '9861722902', '2024-01-15'),
(145, 149, 'NIC12C05', 'Kritika', 'Rai', '9882847876', 'Birgunj-12', '12', 'C', 5, 'Krishna Bahadur Rai', '9876558247', '2024-01-15'),
(146, 150, 'NIC12C06', 'Binita', 'Shrestha', '9883793818', 'Birgunj-8', '12', 'C', 6, 'Mohan Lal Shrestha', '9828850973', '2024-01-15'),
(147, 151, 'NIC12C07', 'Krishna', 'Bhandari', '9869747774', 'Birgunj-15', '12', 'C', 7, 'Naresh Bahadur Bhandari', '9832488102', '2024-01-15'),
(148, 152, 'NIC12C08', 'Krishna', 'Adhikari', '9890927985', 'Birgunj-2', '12', 'C', 8, 'Sohan Kumar Adhikari', '9843952163', '2024-01-15'),
(149, 153, 'NIC12C09', 'Krishna', 'Adhikari', '9865862137', 'Birgunj-5', '12', 'C', 9, 'Rajendra Kumar Adhikari', '9886340467', '2024-01-15'),
(150, 154, 'NIC12C10', 'Kamala', 'Acharya', '9814457165', 'Birgunj-8', '12', 'C', 10, 'Sohan Kumar Acharya', '9845925363', '2024-01-15'),
(151, 155, 'NIC12C11', 'Sabina', 'Limbu', '9877277067', 'Birgunj-9', '12', 'C', 11, 'Suresh Kumar Limbu', '9872231439', '2024-01-15'),
(152, 156, 'NIC12C12', 'Sandesh', 'Thapa', '9874427571', 'Birgunj-13', '12', 'C', 12, 'Devendra Lal Thapa', '9839383347', '2024-01-15'),
(153, 157, 'NIC12C13', 'Aarav', 'Magar', '9834991119', 'Birgunj-6', '12', 'C', 13, 'Suresh Kumar Magar', '9813614426', '2024-01-15'),
(154, 158, 'NIC12C14', 'Sabina', 'Khadka', '9855250902', 'Birgunj-1', '12', 'C', 14, 'Kiran Bahadur Khadka', '9898893989', '2024-01-15'),
(155, 159, 'NIC12C15', 'Kiran', 'Regmi', '9825512060', 'Birgunj-14', '12', 'C', 15, 'Hari Prasad Regmi', '9894769790', '2024-01-15'),
(156, 160, 'NIC12C16', 'Bikash', 'Sharma', '9857378453', 'Birgunj-14', '12', 'C', 16, 'Ram Bahadur Sharma', '9859005658', '2024-01-15'),
(157, 161, 'NIC12C17', 'Rohan', 'Subedi', '9842129439', 'Birgunj-14', '12', 'C', 17, 'Suresh Kumar Subedi', '9883290283', '2024-01-15'),
(158, 162, 'NIC12C18', 'Diksha', 'Limbu', '9884632015', 'Birgunj-12', '12', 'C', 18, 'Hari Prasad Limbu', '9891042688', '2024-01-15'),
(159, 163, 'NIC12C19', 'Aayush', 'Adhikari', '9826820179', 'Birgunj-8', '12', 'C', 19, 'Rajendra Kumar Adhikari', '9863044655', '2024-01-15'),
(160, 164, 'NIC12C20', 'Nabin', 'Bhattarai', '9855702107', 'Birgunj-1', '12', 'C', 20, 'Gopal Singh Bhattarai', '9898534759', '2024-01-15'),
(161, 165, 'NIC12D01', 'Sandesh', 'Pandey', '9890809346', 'Birgunj-4', '12', 'D', 1, 'Sohan Kumar Pandey', '9890412708', '2024-01-15'),
(162, 166, 'NIC12D02', 'Gita', 'Bhandari', '9878573119', 'Birgunj-8', '12', 'D', 2, 'Shyam Kumar Bhandari', '9830259661', '2024-01-15'),
(163, 167, 'NIC12D03', 'Kritika', 'Shrestha', '9831207708', 'Birgunj-3', '12', 'D', 3, 'Devendra Lal Shrestha', '9818421951', '2024-01-15'),
(164, 168, 'NIC12D04', 'Priya', 'Bhandari', '9835640753', 'Birgunj-2', '12', 'D', 4, 'Suresh Kumar Bhandari', '9878659317', '2024-01-15'),
(165, 169, 'NIC12D05', 'Aarav', 'Shrestha', '9818352485', 'Birgunj-8', '12', 'D', 5, 'Suresh Kumar Shrestha', '9830253841', '2024-01-15'),
(166, 170, 'NIC12D06', 'Nisha', 'Regmi', '9836215279', 'Birgunj-10', '12', 'D', 6, 'Kiran Bahadur Regmi', '9847868289', '2024-01-15'),
(167, 171, 'NIC12D07', 'Rajesh', 'Bhattarai', '9833978386', 'Birgunj-15', '12', 'D', 7, 'Krishna Bahadur Bhattarai', '9879552072', '2024-01-15'),
(168, 172, 'NIC12D08', 'Sabina', 'Koirala', '9837430634', 'Birgunj-12', '12', 'D', 8, 'Mahesh Prasad Koirala', '9860287992', '2024-01-15'),
(169, 173, 'NIC12D09', 'Bishal', 'Koirala', '9874461339', 'Birgunj-15', '12', 'D', 9, 'Kiran Bahadur Koirala', '9836588053', '2024-01-15'),
(170, 174, 'NIC12D10', 'Suraj', 'Acharya', '9815260076', 'Birgunj-14', '12', 'D', 10, 'Ram Bahadur Acharya', '9846897770', '2024-01-15'),
(171, 175, 'NIC12D11', 'Sandesh', 'Gurung', '9867872648', 'Birgunj-5', '12', 'D', 11, 'Kiran Bahadur Gurung', '9826970470', '2024-01-15'),
(172, 176, 'NIC12D12', 'Suraj', 'Magar', '9815314917', 'Birgunj-13', '12', 'D', 12, 'Sohan Kumar Magar', '9871938440', '2024-01-15'),
(173, 177, 'NIC12D13', 'Bibek', 'Bhattarai', '9872918325', 'Birgunj-9', '12', 'D', 13, 'Rajan Singh Bhattarai', '9829661323', '2024-01-15'),
(174, 178, 'NIC12D14', 'Rajesh', 'Subedi', '9829265016', 'Birgunj-9', '12', 'D', 14, 'Shyam Kumar Subedi', '9879271688', '2024-01-15'),
(175, 179, 'NIC12D15', 'Dipesh', 'Magar', '9896516556', 'Birgunj-10', '12', 'D', 15, 'Mahesh Prasad Magar', '9894259943', '2024-01-15'),
(176, 180, 'NIC12D16', 'Anita', 'Thapa', '9854298525', 'Birgunj-6', '12', 'D', 16, 'Rajendra Kumar Thapa', '9887613734', '2024-01-15'),
(177, 181, 'NIC12D17', 'Sandesh', 'Adhikari', '9815078882', 'Birgunj-10', '12', 'D', 17, 'Hari Prasad Adhikari', '9862801624', '2024-01-15'),
(178, 182, 'NIC12D18', 'Nisha', 'Thapa', '9865016883', 'Birgunj-12', '12', 'D', 18, 'Devendra Lal Thapa', '9870675665', '2024-01-15'),
(179, 183, 'NIC12D19', 'Kamala', 'Ghimire', '9821020030', 'Birgunj-10', '12', 'D', 19, 'Shyam Kumar Ghimire', '9811964801', '2024-01-15'),
(180, 184, 'NIC12D20', 'Dinesh', 'Acharya', '9871236754', 'Birgunj-7', '12', 'D', 20, 'Naresh Bahadur Acharya', '9856333596', '2024-01-15'),
(181, 185, 'NIC12E01', 'Aashish', 'Koirala', '9865108033', 'Birgunj-2', '12', 'E', 1, 'Devendra Lal Koirala', '9813700696', '2024-01-15'),
(182, 186, 'NIC12E02', 'Suraj', 'Koirala', '9849468506', 'Birgunj-5', '12', 'E', 2, 'Kiran Bahadur Koirala', '9838668464', '2024-01-15'),
(183, 187, 'NIC12E03', 'Anjali', 'Karki', '9834717721', 'Birgunj-4', '12', 'E', 3, 'Devendra Lal Karki', '9872142839', '2024-01-15'),
(184, 188, 'NIC12E04', 'Manisha', 'Bhattarai', '9824991167', 'Birgunj-14', '12', 'E', 4, 'Mahesh Prasad Bhattarai', '9823553625', '2024-01-15'),
(185, 189, 'NIC12E05', 'Krishna', 'Gurung', '9865123995', 'Birgunj-8', '12', 'E', 5, 'Hari Prasad Gurung', '9820489189', '2024-01-15'),
(186, 190, 'NIC12E06', 'Anita', 'Acharya', '9880070678', 'Birgunj-2', '12', 'E', 6, 'Mahesh Prasad Acharya', '9861520644', '2024-01-15'),
(187, 191, 'NIC12E07', 'Nabin', 'Acharya', '9856288837', 'Birgunj-1', '12', 'E', 7, 'Suresh Kumar Acharya', '9839940586', '2024-01-15'),
(188, 192, 'NIC12E08', 'Manisha', 'Bhandari', '9863037496', 'Birgunj-3', '12', 'E', 8, 'Devendra Lal Bhandari', '9883254443', '2024-01-15'),
(189, 193, 'NIC12E09', 'Kritika', 'Acharya', '9831497234', 'Birgunj-1', '12', 'E', 9, 'Rajan Singh Acharya', '9895927350', '2024-01-15'),
(190, 194, 'NIC12E10', 'Bina', 'Tamang', '9826887680', 'Birgunj-10', '12', 'E', 10, 'Surendra Singh Tamang', '9841154330', '2024-01-15'),
(191, 195, 'NIC12E11', 'Bina', 'Rai', '9882868510', 'Birgunj-10', '12', 'E', 11, 'Kiran Bahadur Rai', '9838950908', '2024-01-15'),
(192, 196, 'NIC12E12', 'Anita', 'Thapa', '9846516944', 'Birgunj-10', '12', 'E', 12, 'Sohan Kumar Thapa', '9888289626', '2024-01-15'),
(193, 197, 'NIC12E13', 'Aashish', 'Gurung', '9835024399', 'Birgunj-1', '12', 'E', 13, 'Kiran Bahadur Gurung', '9812582104', '2024-01-15'),
(194, 198, 'NIC12E14', 'Anita', 'Sharma', '9851248865', 'Birgunj-12', '12', 'E', 14, 'Naresh Bahadur Sharma', '9850986117', '2024-01-15'),
(195, 199, 'NIC12E15', 'Gita', 'Koirala', '9823203508', 'Birgunj-8', '12', 'E', 15, 'Ram Bahadur Koirala', '9865963957', '2024-01-15'),
(196, 200, 'NIC12E16', 'Nabin', 'Gurung', '9825880149', 'Birgunj-7', '12', 'E', 16, 'Sohan Kumar Gurung', '9830348194', '2024-01-15'),
(197, 201, 'NIC12E17', 'Bina', 'Bhattarai', '9895642587', 'Birgunj-14', '12', 'E', 17, 'Kiran Bahadur Bhattarai', '9887024638', '2024-01-15'),
(198, 202, 'NIC12E18', 'Anita', 'Adhikari', '9872789164', 'Birgunj-2', '12', 'E', 18, 'Kiran Bahadur Adhikari', '9890453368', '2024-01-15'),
(199, 203, 'NIC12E19', 'Kiran', 'Gurung', '9841294688', 'Birgunj-12', '12', 'E', 19, 'Surendra Singh Gurung', '9815539610', '2024-01-15'),
(200, 204, 'NIC12E20', 'Akriti', 'Bhattarai', '9870066714', 'Birgunj-10', '12', 'E', 20, 'Gopal Singh Bhattarai', '9898919361', '2024-01-15'),
(205, 216, 'NIC11A15', 'Aditya ', 'Patel', '9825631476', 'Birgunj -12', '11', 'A', 15, 'Ajay', '9862501736', '2026-03-22');

-- --------------------------------------------------------

--
-- Table structure for table users
--

CREATE TABLE users (
  id INTEGER NOT NULL,
  email VARCHAR(255) NOT NULL,
  password VARCHAR(255) NOT NULL,
  role VARCHAR(20) CHECK (column_name IN ('student', 'faculty', 'admin')) NOT NULL,
  is_active tinyINTEGER DEFAULT 1,
  created_at TIMESTAMP DEFAULT CURRENT_TIMESTAMP,
  updated_at TIMESTAMP DEFAULT CURRENT_TIMESTAMP ON UPDATE current_timestamp()
);

--
-- Dumping data for table users
--

INSERT INTO users (id, email, password, role, is_active, created_at, updated_at) VALUES
(1, 'admin@nic.edu.np', '$2a$10$oaGVVOPuSI1lXiM0xqIJeOmPPDwmqe6YKw7FdOtvQLjzTOfcuEyKG', 'admin', 1, '2026-03-22 11:06:59', '2026-03-22 11:06:59'),
(2, 'faculty@nic.edu.np', '$2a$10$KeXBd8p.nHq1dyIWcXebROMfUEEjFUdjFKMFjb4J6Ec.Ncnl4/g1i', 'faculty', 1, '2026-03-22 11:06:59', '2026-03-22 11:06:59'),
(3, 'student@nic.edu.np', '$2a$10$hss0OnGonA9lN8mCbxEzMe09NcIdTxZWfiyj89okxsXlbl.idwcEe', 'student', 1, '2026-03-22 11:06:59', '2026-03-22 17:01:25'),
(5, 'anish.shrestha.nic11a01@nic.edu.np', '$2a$10$hss0OnGonA9lN8mCbxEzMe09NcIdTxZWfiyj89okxsXlbl.idwcEe', 'student', 1, '2026-03-22 16:35:47', '2026-03-22 17:01:25'),
(6, 'krishna.shrestha.nic11a02@nic.edu.np', '$2a$10$hss0OnGonA9lN8mCbxEzMe09NcIdTxZWfiyj89okxsXlbl.idwcEe', 'student', 1, '2026-03-22 16:35:47', '2026-03-22 17:01:25'),
(7, 'bina.thapa.nic11a03@nic.edu.np', '$2a$10$hss0OnGonA9lN8mCbxEzMe09NcIdTxZWfiyj89okxsXlbl.idwcEe', 'faculty', 1, '2026-03-22 16:35:47', '2026-03-22 19:02:27'),
(8, 'sagar.bhandari.nic11a04@nic.edu.np', '$2a$10$hss0OnGonA9lN8mCbxEzMe09NcIdTxZWfiyj89okxsXlbl.idwcEe', 'student', 1, '2026-03-22 16:35:47', '2026-03-22 17:01:25'),
(9, 'ramesh.magar.nic11a05@nic.edu.np', '$2a$10$hss0OnGonA9lN8mCbxEzMe09NcIdTxZWfiyj89okxsXlbl.idwcEe', 'student', 1, '2026-03-22 16:35:47', '2026-03-22 17:01:25'),
(10, 'pooja.bhandari.nic11a06@nic.edu.np', '$2a$10$hss0OnGonA9lN8mCbxEzMe09NcIdTxZWfiyj89okxsXlbl.idwcEe', 'student', 1, '2026-03-22 16:35:47', '2026-03-22 17:01:25'),
(11, 'priya.bhattarai.nic11a07@nic.edu.np', '$2a$10$hss0OnGonA9lN8mCbxEzMe09NcIdTxZWfiyj89okxsXlbl.idwcEe', 'student', 1, '2026-03-22 16:35:47', '2026-03-22 17:01:25'),
(12, 'pooja.rai.nic11a08@nic.edu.np', '$2a$10$hss0OnGonA9lN8mCbxEzMe09NcIdTxZWfiyj89okxsXlbl.idwcEe', 'student', 1, '2026-03-22 16:35:47', '2026-03-22 17:01:25'),
(13, 'suraj.tamang.nic11a09@nic.edu.np', '$2a$10$hss0OnGonA9lN8mCbxEzMe09NcIdTxZWfiyj89okxsXlbl.idwcEe', 'student', 1, '2026-03-22 16:35:47', '2026-03-22 17:01:25'),
(14, 'gita.ghimire.nic11a10@nic.edu.np', '$2a$10$hss0OnGonA9lN8mCbxEzMe09NcIdTxZWfiyj89okxsXlbl.idwcEe', 'student', 1, '2026-03-22 16:35:47', '2026-03-22 17:01:25'),
(15, 'aarav.bhandari.nic11a11@nic.edu.np', '$2a$10$hss0OnGonA9lN8mCbxEzMe09NcIdTxZWfiyj89okxsXlbl.idwcEe', 'student', 1, '2026-03-22 16:35:47', '2026-03-22 17:01:25'),
(16, 'nabin.koirala.nic11a12@nic.edu.np', '$2a$10$hss0OnGonA9lN8mCbxEzMe09NcIdTxZWfiyj89okxsXlbl.idwcEe', 'student', 1, '2026-03-22 16:35:47', '2026-03-22 17:01:25'),
(17, 'prakash.sharma.nic11a13@nic.edu.np', '$2a$10$hss0OnGonA9lN8mCbxEzMe09NcIdTxZWfiyj89okxsXlbl.idwcEe', 'student', 1, '2026-03-22 16:35:47', '2026-03-22 17:01:25'),
(18, 'prakash.subedi.nic11a14@nic.edu.np', '$2a$10$hss0OnGonA9lN8mCbxEzMe09NcIdTxZWfiyj89okxsXlbl.idwcEe', 'student', 1, '2026-03-22 16:35:47', '2026-03-22 17:01:25'),
(20, 'anjali.rai.nic11a16@nic.edu.np', '$2a$10$hss0OnGonA9lN8mCbxEzMe09NcIdTxZWfiyj89okxsXlbl.idwcEe', 'student', 1, '2026-03-22 16:35:47', '2026-03-22 17:01:25'),
(21, 'sunita.limbu.nic11a17@nic.edu.np', '$2a$10$hss0OnGonA9lN8mCbxEzMe09NcIdTxZWfiyj89okxsXlbl.idwcEe', 'student', 1, '2026-03-22 16:35:47', '2026-03-22 17:01:25'),
(22, 'binita.shrestha.nic11a18@nic.edu.np', '$2a$10$hss0OnGonA9lN8mCbxEzMe09NcIdTxZWfiyj89okxsXlbl.idwcEe', 'student', 1, '2026-03-22 16:35:47', '2026-03-22 17:01:25'),
(23, 'nabin.acharya.nic11a19@nic.edu.np', '$2a$10$hss0OnGonA9lN8mCbxEzMe09NcIdTxZWfiyj89okxsXlbl.idwcEe', 'student', 1, '2026-03-22 16:35:47', '2026-03-22 17:01:25'),
(24, 'pooja.shrestha.nic11a20@nic.edu.np', '$2a$10$hss0OnGonA9lN8mCbxEzMe09NcIdTxZWfiyj89okxsXlbl.idwcEe', 'student', 1, '2026-03-22 16:35:47', '2026-03-22 17:01:25'),
(25, 'bishal.thapa.nic11b01@nic.edu.np', '$2a$10$hss0OnGonA9lN8mCbxEzMe09NcIdTxZWfiyj89okxsXlbl.idwcEe', 'student', 1, '2026-03-22 16:35:47', '2026-03-22 17:01:25'),
(26, 'ramesh.adhikari.nic11b02@nic.edu.np', '$2a$10$hss0OnGonA9lN8mCbxEzMe09NcIdTxZWfiyj89okxsXlbl.idwcEe', 'student', 1, '2026-03-22 16:35:47', '2026-03-22 17:01:25'),
(27, 'nabin.koirala.nic11b03@nic.edu.np', '$2a$10$hss0OnGonA9lN8mCbxEzMe09NcIdTxZWfiyj89okxsXlbl.idwcEe', 'student', 1, '2026-03-22 16:35:47', '2026-03-22 17:01:25'),
(28, 'dinesh.poudel.nic11b04@nic.edu.np', '$2a$10$hss0OnGonA9lN8mCbxEzMe09NcIdTxZWfiyj89okxsXlbl.idwcEe', 'student', 1, '2026-03-22 16:35:47', '2026-03-22 17:01:25'),
(29, 'nisha.acharya.nic11b05@nic.edu.np', '$2a$10$hss0OnGonA9lN8mCbxEzMe09NcIdTxZWfiyj89okxsXlbl.idwcEe', 'student', 1, '2026-03-22 16:35:47', '2026-03-22 17:01:25'),
(30, 'priya.khadka.nic11b06@nic.edu.np', '$2a$10$hss0OnGonA9lN8mCbxEzMe09NcIdTxZWfiyj89okxsXlbl.idwcEe', 'student', 1, '2026-03-22 16:35:47', '2026-03-22 17:01:25'),
(31, 'radha.bhattarai.nic11b07@nic.edu.np', '$2a$10$hss0OnGonA9lN8mCbxEzMe09NcIdTxZWfiyj89okxsXlbl.idwcEe', 'student', 1, '2026-03-22 16:35:47', '2026-03-22 17:01:25'),
(32, 'prakash.ghimire.nic11b08@nic.edu.np', '$2a$10$hss0OnGonA9lN8mCbxEzMe09NcIdTxZWfiyj89okxsXlbl.idwcEe', 'student', 1, '2026-03-22 16:35:47', '2026-03-22 17:01:25'),
(33, 'prakash.sharma.nic11b09@nic.edu.np', '$2a$10$hss0OnGonA9lN8mCbxEzMe09NcIdTxZWfiyj89okxsXlbl.idwcEe', 'student', 1, '2026-03-22 16:35:47', '2026-03-22 17:01:25'),
(34, 'bishal.karki.nic11b10@nic.edu.np', '$2a$10$hss0OnGonA9lN8mCbxEzMe09NcIdTxZWfiyj89okxsXlbl.idwcEe', 'student', 1, '2026-03-22 16:35:47', '2026-03-22 17:01:25'),
(35, 'anish.khadka.nic11b11@nic.edu.np', '$2a$10$hss0OnGonA9lN8mCbxEzMe09NcIdTxZWfiyj89okxsXlbl.idwcEe', 'student', 1, '2026-03-22 16:35:47', '2026-03-22 17:01:25'),
(36, 'sita.thapa.nic11b12@nic.edu.np', '$2a$10$hss0OnGonA9lN8mCbxEzMe09NcIdTxZWfiyj89okxsXlbl.idwcEe', 'student', 1, '2026-03-22 16:35:47', '2026-03-22 17:01:25'),
(37, 'sita.poudel.nic11b13@nic.edu.np', '$2a$10$hss0OnGonA9lN8mCbxEzMe09NcIdTxZWfiyj89okxsXlbl.idwcEe', 'student', 1, '2026-03-22 16:35:47', '2026-03-22 17:01:25'),
(38, 'kritika.khadka.nic11b14@nic.edu.np', '$2a$10$hss0OnGonA9lN8mCbxEzMe09NcIdTxZWfiyj89okxsXlbl.idwcEe', 'student', 1, '2026-03-22 16:35:47', '2026-03-22 17:01:25'),
(39, 'sita.karki.nic11b15@nic.edu.np', '$2a$10$hss0OnGonA9lN8mCbxEzMe09NcIdTxZWfiyj89okxsXlbl.idwcEe', 'student', 1, '2026-03-22 16:35:47', '2026-03-22 17:01:25'),
(40, 'aarav.pandey.nic11b16@nic.edu.np', '$2a$10$hss0OnGonA9lN8mCbxEzMe09NcIdTxZWfiyj89okxsXlbl.idwcEe', 'student', 1, '2026-03-22 16:35:47', '2026-03-22 17:01:25'),
(41, 'sunita.bhattarai.nic11b17@nic.edu.np', '$2a$10$hss0OnGonA9lN8mCbxEzMe09NcIdTxZWfiyj89okxsXlbl.idwcEe', 'student', 1, '2026-03-22 16:35:47', '2026-03-22 17:01:25'),
(42, 'sabina.gurung.nic11b18@nic.edu.np', '$2a$10$hss0OnGonA9lN8mCbxEzMe09NcIdTxZWfiyj89okxsXlbl.idwcEe', 'student', 1, '2026-03-22 16:35:47', '2026-03-22 17:01:25'),
(43, 'prakash.adhikari.nic11b19@nic.edu.np', '$2a$10$hss0OnGonA9lN8mCbxEzMe09NcIdTxZWfiyj89okxsXlbl.idwcEe', 'student', 1, '2026-03-22 16:35:47', '2026-03-22 17:01:25'),
(44, 'kiran.gurung.nic11b20@nic.edu.np', '$2a$10$hss0OnGonA9lN8mCbxEzMe09NcIdTxZWfiyj89okxsXlbl.idwcEe', 'student', 1, '2026-03-22 16:35:47', '2026-03-22 17:01:25'),
(45, 'aarti.adhikari.nic11c01@nic.edu.np', '$2a$10$hss0OnGonA9lN8mCbxEzMe09NcIdTxZWfiyj89okxsXlbl.idwcEe', 'student', 1, '2026-03-22 16:35:47', '2026-03-22 17:01:25'),
(46, 'aarti.regmi.nic11c02@nic.edu.np', '$2a$10$hss0OnGonA9lN8mCbxEzMe09NcIdTxZWfiyj89okxsXlbl.idwcEe', 'student', 1, '2026-03-22 16:35:47', '2026-03-22 17:01:25'),
(47, 'dipesh.adhikari.nic11c03@nic.edu.np', '$2a$10$hss0OnGonA9lN8mCbxEzMe09NcIdTxZWfiyj89okxsXlbl.idwcEe', 'student', 1, '2026-03-22 16:35:47', '2026-03-22 17:01:25'),
(48, 'nisha.gurung.nic11c04@nic.edu.np', '$2a$10$hss0OnGonA9lN8mCbxEzMe09NcIdTxZWfiyj89okxsXlbl.idwcEe', 'student', 1, '2026-03-22 16:35:47', '2026-03-22 17:01:25'),
(49, 'aarav.khadka.nic11c05@nic.edu.np', '$2a$10$hss0OnGonA9lN8mCbxEzMe09NcIdTxZWfiyj89okxsXlbl.idwcEe', 'student', 1, '2026-03-22 16:35:47', '2026-03-22 17:01:25'),
(50, 'dipesh.magar.nic11c06@nic.edu.np', '$2a$10$hss0OnGonA9lN8mCbxEzMe09NcIdTxZWfiyj89okxsXlbl.idwcEe', 'student', 1, '2026-03-22 16:35:47', '2026-03-22 17:01:25'),
(51, 'bishal.subedi.nic11c07@nic.edu.np', '$2a$10$hss0OnGonA9lN8mCbxEzMe09NcIdTxZWfiyj89okxsXlbl.idwcEe', 'student', 1, '2026-03-22 16:35:47', '2026-03-22 17:01:25'),
(52, 'ramesh.poudel.nic11c08@nic.edu.np', '$2a$10$hss0OnGonA9lN8mCbxEzMe09NcIdTxZWfiyj89okxsXlbl.idwcEe', 'student', 1, '2026-03-22 16:35:47', '2026-03-22 17:01:25'),
(53, 'akriti.karki.nic11c09@nic.edu.np', '$2a$10$hss0OnGonA9lN8mCbxEzMe09NcIdTxZWfiyj89okxsXlbl.idwcEe', 'student', 1, '2026-03-22 16:35:47', '2026-03-22 17:01:25'),
(54, 'kabita.sharma.nic11c10@nic.edu.np', '$2a$10$hss0OnGonA9lN8mCbxEzMe09NcIdTxZWfiyj89okxsXlbl.idwcEe', 'student', 1, '2026-03-22 16:35:47', '2026-03-22 17:01:25'),
(55, 'gita.magar.nic11c11@nic.edu.np', '$2a$10$hss0OnGonA9lN8mCbxEzMe09NcIdTxZWfiyj89okxsXlbl.idwcEe', 'student', 1, '2026-03-22 16:35:47', '2026-03-22 17:01:25'),
(56, 'prakash.limbu.nic11c12@nic.edu.np', '$2a$10$hss0OnGonA9lN8mCbxEzMe09NcIdTxZWfiyj89okxsXlbl.idwcEe', 'student', 1, '2026-03-22 16:35:47', '2026-03-22 17:01:25'),
(57, 'sandesh.shrestha.nic11c13@nic.edu.np', '$2a$10$hss0OnGonA9lN8mCbxEzMe09NcIdTxZWfiyj89okxsXlbl.idwcEe', 'student', 1, '2026-03-22 16:35:47', '2026-03-22 17:01:25'),
(58, 'sagar.khadka.nic11c14@nic.edu.np', '$2a$10$hss0OnGonA9lN8mCbxEzMe09NcIdTxZWfiyj89okxsXlbl.idwcEe', 'student', 1, '2026-03-22 16:35:47', '2026-03-22 17:01:25'),
(59, 'sabina.pandey.nic11c15@nic.edu.np', '$2a$10$hss0OnGonA9lN8mCbxEzMe09NcIdTxZWfiyj89okxsXlbl.idwcEe', 'student', 1, '2026-03-22 16:35:47', '2026-03-22 17:01:25'),
(60, 'ramesh.khadka.nic11c16@nic.edu.np', '$2a$10$hss0OnGonA9lN8mCbxEzMe09NcIdTxZWfiyj89okxsXlbl.idwcEe', 'student', 1, '2026-03-22 16:35:47', '2026-03-22 17:01:25'),
(61, 'aarav.regmi.nic11c17@nic.edu.np', '$2a$10$hss0OnGonA9lN8mCbxEzMe09NcIdTxZWfiyj89okxsXlbl.idwcEe', 'student', 1, '2026-03-22 16:35:47', '2026-03-22 17:01:25'),
(62, 'dipesh.acharya.nic11c18@nic.edu.np', '$2a$10$hss0OnGonA9lN8mCbxEzMe09NcIdTxZWfiyj89okxsXlbl.idwcEe', 'student', 1, '2026-03-22 16:35:47', '2026-03-22 17:01:25'),
(63, 'ramesh.rai.nic11c19@nic.edu.np', '$2a$10$hss0OnGonA9lN8mCbxEzMe09NcIdTxZWfiyj89okxsXlbl.idwcEe', 'student', 1, '2026-03-22 16:35:47', '2026-03-22 17:01:25'),
(64, 'rajesh.bhattarai.nic11c20@nic.edu.np', '$2a$10$hss0OnGonA9lN8mCbxEzMe09NcIdTxZWfiyj89okxsXlbl.idwcEe', 'student', 1, '2026-03-22 16:35:47', '2026-03-22 17:01:25'),
(65, 'bishal.regmi.nic11d01@nic.edu.np', '$2a$10$hss0OnGonA9lN8mCbxEzMe09NcIdTxZWfiyj89okxsXlbl.idwcEe', 'student', 1, '2026-03-22 16:35:47', '2026-03-22 17:01:25'),
(66, 'kritika.bhattarai.nic11d02@nic.edu.np', '$2a$10$hss0OnGonA9lN8mCbxEzMe09NcIdTxZWfiyj89okxsXlbl.idwcEe', 'student', 1, '2026-03-22 16:35:47', '2026-03-22 17:01:25'),
(67, 'prakash.bhandari.nic11d03@nic.edu.np', '$2a$10$hss0OnGonA9lN8mCbxEzMe09NcIdTxZWfiyj89okxsXlbl.idwcEe', 'student', 1, '2026-03-22 16:35:47', '2026-03-22 17:01:25'),
(68, 'krishna.acharya.nic11d04@nic.edu.np', '$2a$10$hss0OnGonA9lN8mCbxEzMe09NcIdTxZWfiyj89okxsXlbl.idwcEe', 'student', 1, '2026-03-22 16:35:47', '2026-03-22 17:01:25'),
(69, 'diksha.khadka.nic11d05@nic.edu.np', '$2a$10$hss0OnGonA9lN8mCbxEzMe09NcIdTxZWfiyj89okxsXlbl.idwcEe', 'student', 1, '2026-03-22 16:35:47', '2026-03-22 17:01:25'),
(70, 'suraj.rai.nic11d06@nic.edu.np', '$2a$10$hss0OnGonA9lN8mCbxEzMe09NcIdTxZWfiyj89okxsXlbl.idwcEe', 'student', 1, '2026-03-22 16:35:47', '2026-03-22 17:01:25'),
(71, 'priya.thapa.nic11d07@nic.edu.np', '$2a$10$hss0OnGonA9lN8mCbxEzMe09NcIdTxZWfiyj89okxsXlbl.idwcEe', 'student', 1, '2026-03-22 16:35:47', '2026-03-22 17:01:25'),
(72, 'kamala.thapa.nic11d08@nic.edu.np', '$2a$10$hss0OnGonA9lN8mCbxEzMe09NcIdTxZWfiyj89okxsXlbl.idwcEe', 'student', 1, '2026-03-22 16:35:47', '2026-03-22 17:01:25'),
(73, 'kamala.limbu.nic11d09@nic.edu.np', '$2a$10$hss0OnGonA9lN8mCbxEzMe09NcIdTxZWfiyj89okxsXlbl.idwcEe', 'student', 1, '2026-03-22 16:35:47', '2026-03-22 17:01:25'),
(74, 'radha.karki.nic11d10@nic.edu.np', '$2a$10$hss0OnGonA9lN8mCbxEzMe09NcIdTxZWfiyj89okxsXlbl.idwcEe', 'student', 1, '2026-03-22 16:35:47', '2026-03-22 17:01:25'),
(75, 'sabina.khadka.nic11d11@nic.edu.np', '$2a$10$hss0OnGonA9lN8mCbxEzMe09NcIdTxZWfiyj89okxsXlbl.idwcEe', 'student', 1, '2026-03-22 16:35:47', '2026-03-22 17:01:25'),
(76, 'aarti.tamang.nic11d12@nic.edu.np', '$2a$10$hss0OnGonA9lN8mCbxEzMe09NcIdTxZWfiyj89okxsXlbl.idwcEe', 'student', 1, '2026-03-22 16:35:47', '2026-03-22 17:01:25'),
(77, 'anita.tamang.nic11d13@nic.edu.np', '$2a$10$hss0OnGonA9lN8mCbxEzMe09NcIdTxZWfiyj89okxsXlbl.idwcEe', 'student', 1, '2026-03-22 16:35:47', '2026-03-22 17:01:25'),
(78, 'anish.adhikari.nic11d14@nic.edu.np', '$2a$10$hss0OnGonA9lN8mCbxEzMe09NcIdTxZWfiyj89okxsXlbl.idwcEe', 'student', 1, '2026-03-22 16:35:47', '2026-03-22 17:01:25'),
(79, 'suraj.rai.nic11d15@nic.edu.np', '$2a$10$hss0OnGonA9lN8mCbxEzMe09NcIdTxZWfiyj89okxsXlbl.idwcEe', 'student', 1, '2026-03-22 16:35:47', '2026-03-22 17:01:25'),
(80, 'sunita.acharya.nic11d16@nic.edu.np', '$2a$10$hss0OnGonA9lN8mCbxEzMe09NcIdTxZWfiyj89okxsXlbl.idwcEe', 'student', 1, '2026-03-22 16:35:47', '2026-03-22 17:01:25'),
(81, 'sita.shrestha.nic11d17@nic.edu.np', '$2a$10$hss0OnGonA9lN8mCbxEzMe09NcIdTxZWfiyj89okxsXlbl.idwcEe', 'student', 1, '2026-03-22 16:35:47', '2026-03-22 17:01:25'),
(82, 'aarti.gurung.nic11d18@nic.edu.np', '$2a$10$hss0OnGonA9lN8mCbxEzMe09NcIdTxZWfiyj89okxsXlbl.idwcEe', 'student', 1, '2026-03-22 16:35:47', '2026-03-22 17:01:25'),
(83, 'kamala.adhikari.nic11d19@nic.edu.np', '$2a$10$hss0OnGonA9lN8mCbxEzMe09NcIdTxZWfiyj89okxsXlbl.idwcEe', 'student', 1, '2026-03-22 16:35:47', '2026-03-22 17:01:25'),
(84, 'bikash.khadka.nic11d20@nic.edu.np', '$2a$10$hss0OnGonA9lN8mCbxEzMe09NcIdTxZWfiyj89okxsXlbl.idwcEe', 'student', 1, '2026-03-22 16:35:47', '2026-03-22 17:01:25'),
(85, 'krishna.bhattarai.nic11e01@nic.edu.np', '$2a$10$hss0OnGonA9lN8mCbxEzMe09NcIdTxZWfiyj89okxsXlbl.idwcEe', 'student', 1, '2026-03-22 16:35:47', '2026-03-22 17:01:25'),
(86, 'kritika.sharma.nic11e02@nic.edu.np', '$2a$10$hss0OnGonA9lN8mCbxEzMe09NcIdTxZWfiyj89okxsXlbl.idwcEe', 'student', 1, '2026-03-22 16:35:47', '2026-03-22 17:01:25'),
(87, 'sagar.gurung.nic11e03@nic.edu.np', '$2a$10$hss0OnGonA9lN8mCbxEzMe09NcIdTxZWfiyj89okxsXlbl.idwcEe', 'student', 1, '2026-03-22 16:35:47', '2026-03-22 17:01:25'),
(88, 'sagar.pandey.nic11e04@nic.edu.np', '$2a$10$hss0OnGonA9lN8mCbxEzMe09NcIdTxZWfiyj89okxsXlbl.idwcEe', 'student', 1, '2026-03-22 16:35:47', '2026-03-22 17:01:25'),
(89, 'sita.pandey.nic11e05@nic.edu.np', '$2a$10$hss0OnGonA9lN8mCbxEzMe09NcIdTxZWfiyj89okxsXlbl.idwcEe', 'student', 1, '2026-03-22 16:35:47', '2026-03-22 17:01:25'),
(90, 'anita.bhandari.nic11e06@nic.edu.np', '$2a$10$hss0OnGonA9lN8mCbxEzMe09NcIdTxZWfiyj89okxsXlbl.idwcEe', 'student', 1, '2026-03-22 16:35:47', '2026-03-22 17:01:25'),
(91, 'nisha.rai.nic11e07@nic.edu.np', '$2a$10$hss0OnGonA9lN8mCbxEzMe09NcIdTxZWfiyj89okxsXlbl.idwcEe', 'student', 1, '2026-03-22 16:35:47', '2026-03-22 17:01:25'),
(92, 'bibek.regmi.nic11e08@nic.edu.np', '$2a$10$hss0OnGonA9lN8mCbxEzMe09NcIdTxZWfiyj89okxsXlbl.idwcEe', 'student', 1, '2026-03-22 16:35:47', '2026-03-22 17:01:25'),
(93, 'aayush.sharma.nic11e09@nic.edu.np', '$2a$10$hss0OnGonA9lN8mCbxEzMe09NcIdTxZWfiyj89okxsXlbl.idwcEe', 'student', 1, '2026-03-22 16:35:47', '2026-03-22 17:01:25'),
(94, 'bishal.regmi.nic11e10@nic.edu.np', '$2a$10$hss0OnGonA9lN8mCbxEzMe09NcIdTxZWfiyj89okxsXlbl.idwcEe', 'student', 1, '2026-03-22 16:35:47', '2026-03-22 17:01:25'),
(95, 'dinesh.karki.nic11e11@nic.edu.np', '$2a$10$hss0OnGonA9lN8mCbxEzMe09NcIdTxZWfiyj89okxsXlbl.idwcEe', 'student', 1, '2026-03-22 16:35:47', '2026-03-22 17:01:25'),
(96, 'radha.rai.nic11e12@nic.edu.np', '$2a$10$hss0OnGonA9lN8mCbxEzMe09NcIdTxZWfiyj89okxsXlbl.idwcEe', 'student', 1, '2026-03-22 16:35:47', '2026-03-22 17:01:25'),
(97, 'bibek.acharya.nic11e13@nic.edu.np', '$2a$10$hss0OnGonA9lN8mCbxEzMe09NcIdTxZWfiyj89okxsXlbl.idwcEe', 'student', 1, '2026-03-22 16:35:47', '2026-03-22 17:01:25'),
(98, 'nabin.koirala.nic11e14@nic.edu.np', '$2a$10$hss0OnGonA9lN8mCbxEzMe09NcIdTxZWfiyj89okxsXlbl.idwcEe', 'student', 1, '2026-03-22 16:35:47', '2026-03-22 17:01:25'),
(99, 'binita.gurung.nic11e15@nic.edu.np', '$2a$10$hss0OnGonA9lN8mCbxEzMe09NcIdTxZWfiyj89okxsXlbl.idwcEe', 'student', 1, '2026-03-22 16:35:47', '2026-03-22 17:01:25'),
(100, 'krishna.pandey.nic11e16@nic.edu.np', '$2a$10$hss0OnGonA9lN8mCbxEzMe09NcIdTxZWfiyj89okxsXlbl.idwcEe', 'student', 1, '2026-03-22 16:35:47', '2026-03-22 17:01:25'),
(101, 'kabita.koirala.nic11e17@nic.edu.np', '$2a$10$hss0OnGonA9lN8mCbxEzMe09NcIdTxZWfiyj89okxsXlbl.idwcEe', 'student', 1, '2026-03-22 16:35:47', '2026-03-22 17:01:25'),
(102, 'aarav.adhikari.nic11e18@nic.edu.np', '$2a$10$hss0OnGonA9lN8mCbxEzMe09NcIdTxZWfiyj89okxsXlbl.idwcEe', 'student', 1, '2026-03-22 16:35:47', '2026-03-22 17:01:25'),
(103, 'kamala.bhandari.nic11e19@nic.edu.np', '$2a$10$hss0OnGonA9lN8mCbxEzMe09NcIdTxZWfiyj89okxsXlbl.idwcEe', 'student', 1, '2026-03-22 16:35:47', '2026-03-22 17:01:25'),
(104, 'radha.bhattarai.nic11e20@nic.edu.np', '$2a$10$hss0OnGonA9lN8mCbxEzMe09NcIdTxZWfiyj89okxsXlbl.idwcEe', 'student', 1, '2026-03-22 16:35:47', '2026-03-22 17:01:25'),
(105, 'aarti.tamang.nic12a01@nic.edu.np', '$2a$10$hss0OnGonA9lN8mCbxEzMe09NcIdTxZWfiyj89okxsXlbl.idwcEe', 'student', 1, '2026-03-22 16:35:47', '2026-03-22 17:01:25'),
(106, 'sabina.poudel.nic12a02@nic.edu.np', '$2a$10$hss0OnGonA9lN8mCbxEzMe09NcIdTxZWfiyj89okxsXlbl.idwcEe', 'student', 1, '2026-03-22 16:35:47', '2026-03-22 17:01:25'),
(107, 'rohan.poudel.nic12a03@nic.edu.np', '$2a$10$hss0OnGonA9lN8mCbxEzMe09NcIdTxZWfiyj89okxsXlbl.idwcEe', 'student', 1, '2026-03-22 16:35:47', '2026-03-22 17:01:25'),
(108, 'akriti.acharya.nic12a04@nic.edu.np', '$2a$10$hss0OnGonA9lN8mCbxEzMe09NcIdTxZWfiyj89okxsXlbl.idwcEe', 'student', 1, '2026-03-22 16:35:47', '2026-03-22 17:01:25'),
(109, 'bibek.limbu.nic12a05@nic.edu.np', '$2a$10$hss0OnGonA9lN8mCbxEzMe09NcIdTxZWfiyj89okxsXlbl.idwcEe', 'student', 1, '2026-03-22 16:35:47', '2026-03-22 17:01:25'),
(110, 'pooja.adhikari.nic12a06@nic.edu.np', '$2a$10$hss0OnGonA9lN8mCbxEzMe09NcIdTxZWfiyj89okxsXlbl.idwcEe', 'student', 1, '2026-03-22 16:35:47', '2026-03-22 17:01:25'),
(111, 'manish.pandey.nic12a07@nic.edu.np', '$2a$10$hss0OnGonA9lN8mCbxEzMe09NcIdTxZWfiyj89okxsXlbl.idwcEe', 'student', 1, '2026-03-22 16:35:47', '2026-03-22 17:01:25'),
(112, 'suraj.ghimire.nic12a08@nic.edu.np', '$2a$10$hss0OnGonA9lN8mCbxEzMe09NcIdTxZWfiyj89okxsXlbl.idwcEe', 'student', 1, '2026-03-22 16:35:47', '2026-03-22 17:01:25'),
(113, 'bishal.gurung.nic12a09@nic.edu.np', '$2a$10$hss0OnGonA9lN8mCbxEzMe09NcIdTxZWfiyj89okxsXlbl.idwcEe', 'student', 1, '2026-03-22 16:35:47', '2026-03-22 17:01:25'),
(114, 'rohan.sharma.nic12a10@nic.edu.np', '$2a$10$hss0OnGonA9lN8mCbxEzMe09NcIdTxZWfiyj89okxsXlbl.idwcEe', 'student', 1, '2026-03-22 16:35:47', '2026-03-22 17:01:25'),
(115, 'ramesh.adhikari.nic12a11@nic.edu.np', '$2a$10$hss0OnGonA9lN8mCbxEzMe09NcIdTxZWfiyj89okxsXlbl.idwcEe', 'student', 1, '2026-03-22 16:35:47', '2026-03-22 17:01:25'),
(116, 'kabita.gurung.nic12a12@nic.edu.np', '$2a$10$hss0OnGonA9lN8mCbxEzMe09NcIdTxZWfiyj89okxsXlbl.idwcEe', 'student', 1, '2026-03-22 16:35:47', '2026-03-22 17:01:25'),
(117, 'sita.pandey.nic12a13@nic.edu.np', '$2a$10$hss0OnGonA9lN8mCbxEzMe09NcIdTxZWfiyj89okxsXlbl.idwcEe', 'student', 1, '2026-03-22 16:35:47', '2026-03-22 17:01:25'),
(118, 'prakash.bhattarai.nic12a14@nic.edu.np', '$2a$10$hss0OnGonA9lN8mCbxEzMe09NcIdTxZWfiyj89okxsXlbl.idwcEe', 'student', 1, '2026-03-22 16:35:47', '2026-03-22 17:01:25'),
(119, 'prakash.khadka.nic12a15@nic.edu.np', '$2a$10$hss0OnGonA9lN8mCbxEzMe09NcIdTxZWfiyj89okxsXlbl.idwcEe', 'student', 1, '2026-03-22 16:35:47', '2026-03-22 17:01:25'),
(120, 'krishna.rai.nic12a16@nic.edu.np', '$2a$10$hss0OnGonA9lN8mCbxEzMe09NcIdTxZWfiyj89okxsXlbl.idwcEe', 'student', 1, '2026-03-22 16:35:47', '2026-03-22 17:01:25'),
(121, 'kiran.koirala.nic12a17@nic.edu.np', '$2a$10$hss0OnGonA9lN8mCbxEzMe09NcIdTxZWfiyj89okxsXlbl.idwcEe', 'student', 1, '2026-03-22 16:35:47', '2026-03-22 17:01:25'),
(122, 'sita.koirala.nic12a18@nic.edu.np', '$2a$10$hss0OnGonA9lN8mCbxEzMe09NcIdTxZWfiyj89okxsXlbl.idwcEe', 'student', 1, '2026-03-22 16:35:47', '2026-03-22 17:01:25'),
(123, 'krishna.bhandari.nic12a19@nic.edu.np', '$2a$10$hss0OnGonA9lN8mCbxEzMe09NcIdTxZWfiyj89okxsXlbl.idwcEe', 'student', 1, '2026-03-22 16:35:47', '2026-03-22 17:01:25'),
(124, 'bibek.shrestha.nic12a20@nic.edu.np', '$2a$10$hss0OnGonA9lN8mCbxEzMe09NcIdTxZWfiyj89okxsXlbl.idwcEe', 'student', 1, '2026-03-22 16:35:47', '2026-03-22 17:01:25'),
(125, 'aarav.limbu.nic12b01@nic.edu.np', '$2a$10$hss0OnGonA9lN8mCbxEzMe09NcIdTxZWfiyj89okxsXlbl.idwcEe', 'student', 1, '2026-03-22 16:35:47', '2026-03-22 17:01:25'),
(126, 'rina.pandey.nic12b02@nic.edu.np', '$2a$10$hss0OnGonA9lN8mCbxEzMe09NcIdTxZWfiyj89okxsXlbl.idwcEe', 'student', 1, '2026-03-22 16:35:47', '2026-03-22 17:01:25'),
(127, 'nisha.subedi.nic12b03@nic.edu.np', '$2a$10$hss0OnGonA9lN8mCbxEzMe09NcIdTxZWfiyj89okxsXlbl.idwcEe', 'student', 1, '2026-03-22 16:35:47', '2026-03-22 17:01:25'),
(128, 'kiran.ghimire.nic12b04@nic.edu.np', '$2a$10$hss0OnGonA9lN8mCbxEzMe09NcIdTxZWfiyj89okxsXlbl.idwcEe', 'student', 1, '2026-03-22 16:35:47', '2026-03-22 17:01:25'),
(129, 'manisha.magar.nic12b05@nic.edu.np', '$2a$10$hss0OnGonA9lN8mCbxEzMe09NcIdTxZWfiyj89okxsXlbl.idwcEe', 'student', 1, '2026-03-22 16:35:47', '2026-03-22 17:01:25'),
(130, 'sita.regmi.nic12b06@nic.edu.np', '$2a$10$hss0OnGonA9lN8mCbxEzMe09NcIdTxZWfiyj89okxsXlbl.idwcEe', 'student', 1, '2026-03-22 16:35:47', '2026-03-22 17:01:25'),
(131, 'akriti.bhattarai.nic12b07@nic.edu.np', '$2a$10$hss0OnGonA9lN8mCbxEzMe09NcIdTxZWfiyj89okxsXlbl.idwcEe', 'student', 1, '2026-03-22 16:35:47', '2026-03-22 17:01:25'),
(132, 'bishal.poudel.nic12b08@nic.edu.np', '$2a$10$hss0OnGonA9lN8mCbxEzMe09NcIdTxZWfiyj89okxsXlbl.idwcEe', 'student', 1, '2026-03-22 16:35:47', '2026-03-22 17:01:25'),
(133, 'manisha.subedi.nic12b09@nic.edu.np', '$2a$10$hss0OnGonA9lN8mCbxEzMe09NcIdTxZWfiyj89okxsXlbl.idwcEe', 'student', 1, '2026-03-22 16:35:47', '2026-03-22 17:01:25'),
(134, 'krishna.subedi.nic12b10@nic.edu.np', '$2a$10$hss0OnGonA9lN8mCbxEzMe09NcIdTxZWfiyj89okxsXlbl.idwcEe', 'student', 1, '2026-03-22 16:35:47', '2026-03-22 17:01:25'),
(135, 'aarav.subedi.nic12b11@nic.edu.np', '$2a$10$hss0OnGonA9lN8mCbxEzMe09NcIdTxZWfiyj89okxsXlbl.idwcEe', 'student', 1, '2026-03-22 16:35:47', '2026-03-22 17:01:25'),
(136, 'rajesh.tamang.nic12b12@nic.edu.np', '$2a$10$hss0OnGonA9lN8mCbxEzMe09NcIdTxZWfiyj89okxsXlbl.idwcEe', 'student', 1, '2026-03-22 16:35:47', '2026-03-22 17:01:25'),
(137, 'priya.acharya.nic12b13@nic.edu.np', '$2a$10$hss0OnGonA9lN8mCbxEzMe09NcIdTxZWfiyj89okxsXlbl.idwcEe', 'student', 1, '2026-03-22 16:35:47', '2026-03-22 17:01:25'),
(138, 'sita.subedi.nic12b14@nic.edu.np', '$2a$10$hss0OnGonA9lN8mCbxEzMe09NcIdTxZWfiyj89okxsXlbl.idwcEe', 'student', 1, '2026-03-22 16:35:48', '2026-03-22 17:01:25'),
(139, 'bina.bhandari.nic12b15@nic.edu.np', '$2a$10$hss0OnGonA9lN8mCbxEzMe09NcIdTxZWfiyj89okxsXlbl.idwcEe', 'student', 1, '2026-03-22 16:35:48', '2026-03-22 17:01:25'),
(140, 'pooja.regmi.nic12b16@nic.edu.np', '$2a$10$hss0OnGonA9lN8mCbxEzMe09NcIdTxZWfiyj89okxsXlbl.idwcEe', 'student', 1, '2026-03-22 16:35:48', '2026-03-22 17:01:25'),
(141, 'rajesh.bhattarai.nic12b17@nic.edu.np', '$2a$10$hss0OnGonA9lN8mCbxEzMe09NcIdTxZWfiyj89okxsXlbl.idwcEe', 'student', 1, '2026-03-22 16:35:48', '2026-03-22 17:01:25'),
(142, 'ramesh.limbu.nic12b18@nic.edu.np', '$2a$10$hss0OnGonA9lN8mCbxEzMe09NcIdTxZWfiyj89okxsXlbl.idwcEe', 'student', 1, '2026-03-22 16:35:48', '2026-03-22 17:01:25'),
(143, 'akriti.acharya.nic12b19@nic.edu.np', '$2a$10$hss0OnGonA9lN8mCbxEzMe09NcIdTxZWfiyj89okxsXlbl.idwcEe', 'student', 1, '2026-03-22 16:35:48', '2026-03-22 17:01:25'),
(144, 'sita.khadka.nic12b20@nic.edu.np', '$2a$10$hss0OnGonA9lN8mCbxEzMe09NcIdTxZWfiyj89okxsXlbl.idwcEe', 'student', 1, '2026-03-22 16:35:48', '2026-03-22 17:01:25'),
(145, 'diksha.karki.nic12c01@nic.edu.np', '$2a$10$hss0OnGonA9lN8mCbxEzMe09NcIdTxZWfiyj89okxsXlbl.idwcEe', 'student', 1, '2026-03-22 16:35:48', '2026-03-22 17:01:25'),
(146, 'dinesh.sharma.nic12c02@nic.edu.np', '$2a$10$hss0OnGonA9lN8mCbxEzMe09NcIdTxZWfiyj89okxsXlbl.idwcEe', 'student', 1, '2026-03-22 16:35:48', '2026-03-22 17:01:25'),
(147, 'kamala.regmi.nic12c03@nic.edu.np', '$2a$10$hss0OnGonA9lN8mCbxEzMe09NcIdTxZWfiyj89okxsXlbl.idwcEe', 'student', 1, '2026-03-22 16:35:48', '2026-03-22 17:01:25'),
(148, 'sagar.tamang.nic12c04@nic.edu.np', '$2a$10$hss0OnGonA9lN8mCbxEzMe09NcIdTxZWfiyj89okxsXlbl.idwcEe', 'student', 1, '2026-03-22 16:35:48', '2026-03-22 17:01:25'),
(149, 'kritika.rai.nic12c05@nic.edu.np', '$2a$10$hss0OnGonA9lN8mCbxEzMe09NcIdTxZWfiyj89okxsXlbl.idwcEe', 'student', 1, '2026-03-22 16:35:48', '2026-03-22 17:01:25'),
(150, 'binita.shrestha.nic12c06@nic.edu.np', '$2a$10$hss0OnGonA9lN8mCbxEzMe09NcIdTxZWfiyj89okxsXlbl.idwcEe', 'student', 1, '2026-03-22 16:35:48', '2026-03-22 17:01:25'),
(151, 'krishna.bhandari.nic12c07@nic.edu.np', '$2a$10$hss0OnGonA9lN8mCbxEzMe09NcIdTxZWfiyj89okxsXlbl.idwcEe', 'student', 1, '2026-03-22 16:35:48', '2026-03-22 17:01:25'),
(152, 'krishna.adhikari.nic12c08@nic.edu.np', '$2a$10$hss0OnGonA9lN8mCbxEzMe09NcIdTxZWfiyj89okxsXlbl.idwcEe', 'student', 1, '2026-03-22 16:35:48', '2026-03-22 17:01:25'),
(153, 'krishna.adhikari.nic12c09@nic.edu.np', '$2a$10$hss0OnGonA9lN8mCbxEzMe09NcIdTxZWfiyj89okxsXlbl.idwcEe', 'student', 1, '2026-03-22 16:35:48', '2026-03-22 17:01:25'),
(154, 'kamala.acharya.nic12c10@nic.edu.np', '$2a$10$hss0OnGonA9lN8mCbxEzMe09NcIdTxZWfiyj89okxsXlbl.idwcEe', 'student', 1, '2026-03-22 16:35:48', '2026-03-22 17:01:25'),
(155, 'sabina.limbu.nic12c11@nic.edu.np', '$2a$10$hss0OnGonA9lN8mCbxEzMe09NcIdTxZWfiyj89okxsXlbl.idwcEe', 'student', 1, '2026-03-22 16:35:48', '2026-03-22 17:01:25'),
(156, 'sandesh.thapa.nic12c12@nic.edu.np', '$2a$10$hss0OnGonA9lN8mCbxEzMe09NcIdTxZWfiyj89okxsXlbl.idwcEe', 'student', 1, '2026-03-22 16:35:48', '2026-03-22 17:01:25'),
(157, 'aarav.magar.nic12c13@nic.edu.np', '$2a$10$hss0OnGonA9lN8mCbxEzMe09NcIdTxZWfiyj89okxsXlbl.idwcEe', 'student', 1, '2026-03-22 16:35:48', '2026-03-22 17:01:25'),
(158, 'sabina.khadka.nic12c14@nic.edu.np', '$2a$10$hss0OnGonA9lN8mCbxEzMe09NcIdTxZWfiyj89okxsXlbl.idwcEe', 'student', 1, '2026-03-22 16:35:48', '2026-03-22 17:01:25'),
(159, 'kiran.regmi.nic12c15@nic.edu.np', '$2a$10$hss0OnGonA9lN8mCbxEzMe09NcIdTxZWfiyj89okxsXlbl.idwcEe', 'student', 1, '2026-03-22 16:35:48', '2026-03-22 17:01:25'),
(160, 'bikash.sharma.nic12c16@nic.edu.np', '$2a$10$hss0OnGonA9lN8mCbxEzMe09NcIdTxZWfiyj89okxsXlbl.idwcEe', 'student', 1, '2026-03-22 16:35:48', '2026-03-22 17:01:25'),
(161, 'rohan.subedi.nic12c17@nic.edu.np', '$2a$10$hss0OnGonA9lN8mCbxEzMe09NcIdTxZWfiyj89okxsXlbl.idwcEe', 'student', 1, '2026-03-22 16:35:48', '2026-03-22 17:01:25'),
(162, 'diksha.limbu.nic12c18@nic.edu.np', '$2a$10$hss0OnGonA9lN8mCbxEzMe09NcIdTxZWfiyj89okxsXlbl.idwcEe', 'student', 1, '2026-03-22 16:35:48', '2026-03-22 17:01:25'),
(163, 'aayush.adhikari.nic12c19@nic.edu.np', '$2a$10$hss0OnGonA9lN8mCbxEzMe09NcIdTxZWfiyj89okxsXlbl.idwcEe', 'student', 1, '2026-03-22 16:35:48', '2026-03-22 17:01:25'),
(164, 'nabin.bhattarai.nic12c20@nic.edu.np', '$2a$10$hss0OnGonA9lN8mCbxEzMe09NcIdTxZWfiyj89okxsXlbl.idwcEe', 'student', 1, '2026-03-22 16:35:48', '2026-03-22 17:01:25'),
(165, 'sandesh.pandey.nic12d01@nic.edu.np', '$2a$10$hss0OnGonA9lN8mCbxEzMe09NcIdTxZWfiyj89okxsXlbl.idwcEe', 'student', 1, '2026-03-22 16:35:48', '2026-03-22 17:01:25'),
(166, 'gita.bhandari.nic12d02@nic.edu.np', '$2a$10$hss0OnGonA9lN8mCbxEzMe09NcIdTxZWfiyj89okxsXlbl.idwcEe', 'student', 1, '2026-03-22 16:35:48', '2026-03-22 17:01:25'),
(167, 'kritika.shrestha.nic12d03@nic.edu.np', '$2a$10$hss0OnGonA9lN8mCbxEzMe09NcIdTxZWfiyj89okxsXlbl.idwcEe', 'student', 1, '2026-03-22 16:35:48', '2026-03-22 17:01:25'),
(168, 'priya.bhandari.nic12d04@nic.edu.np', '$2a$10$hss0OnGonA9lN8mCbxEzMe09NcIdTxZWfiyj89okxsXlbl.idwcEe', 'student', 1, '2026-03-22 16:35:48', '2026-03-22 17:01:25'),
(169, 'aarav.shrestha.nic12d05@nic.edu.np', '$2a$10$hss0OnGonA9lN8mCbxEzMe09NcIdTxZWfiyj89okxsXlbl.idwcEe', 'student', 1, '2026-03-22 16:35:48', '2026-03-22 17:01:25'),
(170, 'nisha.regmi.nic12d06@nic.edu.np', '$2a$10$hss0OnGonA9lN8mCbxEzMe09NcIdTxZWfiyj89okxsXlbl.idwcEe', 'student', 1, '2026-03-22 16:35:48', '2026-03-22 17:01:25'),
(171, 'rajesh.bhattarai.nic12d07@nic.edu.np', '$2a$10$hss0OnGonA9lN8mCbxEzMe09NcIdTxZWfiyj89okxsXlbl.idwcEe', 'student', 1, '2026-03-22 16:35:48', '2026-03-22 17:01:25'),
(172, 'sabina.koirala.nic12d08@nic.edu.np', '$2a$10$hss0OnGonA9lN8mCbxEzMe09NcIdTxZWfiyj89okxsXlbl.idwcEe', 'student', 1, '2026-03-22 16:35:48', '2026-03-22 17:01:25'),
(173, 'bishal.koirala.nic12d09@nic.edu.np', '$2a$10$hss0OnGonA9lN8mCbxEzMe09NcIdTxZWfiyj89okxsXlbl.idwcEe', 'student', 1, '2026-03-22 16:35:48', '2026-03-22 17:01:25'),
(174, 'suraj.acharya.nic12d10@nic.edu.np', '$2a$10$hss0OnGonA9lN8mCbxEzMe09NcIdTxZWfiyj89okxsXlbl.idwcEe', 'student', 1, '2026-03-22 16:35:48', '2026-03-22 17:01:25'),
(175, 'sandesh.gurung.nic12d11@nic.edu.np', '$2a$10$hss0OnGonA9lN8mCbxEzMe09NcIdTxZWfiyj89okxsXlbl.idwcEe', 'student', 1, '2026-03-22 16:35:48', '2026-03-22 17:01:25'),
(176, 'suraj.magar.nic12d12@nic.edu.np', '$2a$10$hss0OnGonA9lN8mCbxEzMe09NcIdTxZWfiyj89okxsXlbl.idwcEe', 'student', 1, '2026-03-22 16:35:48', '2026-03-22 17:01:25'),
(177, 'bibek.bhattarai.nic12d13@nic.edu.np', '$2a$10$hss0OnGonA9lN8mCbxEzMe09NcIdTxZWfiyj89okxsXlbl.idwcEe', 'student', 1, '2026-03-22 16:35:48', '2026-03-22 17:01:25'),
(178, 'rajesh.subedi.nic12d14@nic.edu.np', '$2a$10$hss0OnGonA9lN8mCbxEzMe09NcIdTxZWfiyj89okxsXlbl.idwcEe', 'student', 1, '2026-03-22 16:35:48', '2026-03-22 17:01:25'),
(179, 'dipesh.magar.nic12d15@nic.edu.np', '$2a$10$hss0OnGonA9lN8mCbxEzMe09NcIdTxZWfiyj89okxsXlbl.idwcEe', 'student', 1, '2026-03-22 16:35:48', '2026-03-22 17:01:25'),
(180, 'anita.thapa.nic12d16@nic.edu.np', '$2a$10$hss0OnGonA9lN8mCbxEzMe09NcIdTxZWfiyj89okxsXlbl.idwcEe', 'student', 1, '2026-03-22 16:35:48', '2026-03-22 17:01:25'),
(181, 'sandesh.adhikari.nic12d17@nic.edu.np', '$2a$10$hss0OnGonA9lN8mCbxEzMe09NcIdTxZWfiyj89okxsXlbl.idwcEe', 'student', 1, '2026-03-22 16:35:48', '2026-03-22 17:01:25'),
(182, 'nisha.thapa.nic12d18@nic.edu.np', '$2a$10$hss0OnGonA9lN8mCbxEzMe09NcIdTxZWfiyj89okxsXlbl.idwcEe', 'student', 1, '2026-03-22 16:35:48', '2026-03-22 17:01:25'),
(183, 'kamala.ghimire.nic12d19@nic.edu.np', '$2a$10$hss0OnGonA9lN8mCbxEzMe09NcIdTxZWfiyj89okxsXlbl.idwcEe', 'student', 1, '2026-03-22 16:35:48', '2026-03-22 17:01:25'),
(184, 'dinesh.acharya.nic12d20@nic.edu.np', '$2a$10$hss0OnGonA9lN8mCbxEzMe09NcIdTxZWfiyj89okxsXlbl.idwcEe', 'student', 1, '2026-03-22 16:35:48', '2026-03-22 17:01:25'),
(185, 'aashish.koirala.nic12e01@nic.edu.np', '$2a$10$hss0OnGonA9lN8mCbxEzMe09NcIdTxZWfiyj89okxsXlbl.idwcEe', 'student', 1, '2026-03-22 16:35:48', '2026-03-22 17:01:25'),
(186, 'suraj.koirala.nic12e02@nic.edu.np', '$2a$10$hss0OnGonA9lN8mCbxEzMe09NcIdTxZWfiyj89okxsXlbl.idwcEe', 'student', 1, '2026-03-22 16:35:48', '2026-03-22 17:01:25'),
(187, 'anjali.karki.nic12e03@nic.edu.np', '$2a$10$hss0OnGonA9lN8mCbxEzMe09NcIdTxZWfiyj89okxsXlbl.idwcEe', 'student', 1, '2026-03-22 16:35:48', '2026-03-22 17:01:25'),
(188, 'manisha.bhattarai.nic12e04@nic.edu.np', '$2a$10$hss0OnGonA9lN8mCbxEzMe09NcIdTxZWfiyj89okxsXlbl.idwcEe', 'student', 1, '2026-03-22 16:35:48', '2026-03-22 17:01:25'),
(189, 'krishna.gurung.nic12e05@nic.edu.np', '$2a$10$hss0OnGonA9lN8mCbxEzMe09NcIdTxZWfiyj89okxsXlbl.idwcEe', 'student', 1, '2026-03-22 16:35:48', '2026-03-22 17:01:25'),
(190, 'anita.acharya.nic12e06@nic.edu.np', '$2a$10$hss0OnGonA9lN8mCbxEzMe09NcIdTxZWfiyj89okxsXlbl.idwcEe', 'student', 1, '2026-03-22 16:35:48', '2026-03-22 17:01:25'),
(191, 'nabin.acharya.nic12e07@nic.edu.np', '$2a$10$hss0OnGonA9lN8mCbxEzMe09NcIdTxZWfiyj89okxsXlbl.idwcEe', 'student', 1, '2026-03-22 16:35:48', '2026-03-22 17:01:25'),
(192, 'manisha.bhandari.nic12e08@nic.edu.np', '$2a$10$hss0OnGonA9lN8mCbxEzMe09NcIdTxZWfiyj89okxsXlbl.idwcEe', 'student', 1, '2026-03-22 16:35:48', '2026-03-22 17:01:25'),
(193, 'kritika.acharya.nic12e09@nic.edu.np', '$2a$10$hss0OnGonA9lN8mCbxEzMe09NcIdTxZWfiyj89okxsXlbl.idwcEe', 'student', 1, '2026-03-22 16:35:48', '2026-03-22 17:01:25'),
(194, 'bina.tamang.nic12e10@nic.edu.np', '$2a$10$hss0OnGonA9lN8mCbxEzMe09NcIdTxZWfiyj89okxsXlbl.idwcEe', 'student', 1, '2026-03-22 16:35:48', '2026-03-22 17:01:25'),
(195, 'bina.rai.nic12e11@nic.edu.np', '$2a$10$hss0OnGonA9lN8mCbxEzMe09NcIdTxZWfiyj89okxsXlbl.idwcEe', 'student', 1, '2026-03-22 16:35:48', '2026-03-22 17:01:25'),
(196, 'anita.thapa.nic12e12@nic.edu.np', '$2a$10$hss0OnGonA9lN8mCbxEzMe09NcIdTxZWfiyj89okxsXlbl.idwcEe', 'student', 1, '2026-03-22 16:35:48', '2026-03-22 17:01:25'),
(197, 'aashish.gurung.nic12e13@nic.edu.np', '$2a$10$hss0OnGonA9lN8mCbxEzMe09NcIdTxZWfiyj89okxsXlbl.idwcEe', 'student', 1, '2026-03-22 16:35:48', '2026-03-22 17:01:25'),
(198, 'anita.sharma.nic12e14@nic.edu.np', '$2a$10$hss0OnGonA9lN8mCbxEzMe09NcIdTxZWfiyj89okxsXlbl.idwcEe', 'student', 1, '2026-03-22 16:35:48', '2026-03-22 17:01:25'),
(199, 'gita.koirala.nic12e15@nic.edu.np', '$2a$10$hss0OnGonA9lN8mCbxEzMe09NcIdTxZWfiyj89okxsXlbl.idwcEe', 'student', 1, '2026-03-22 16:35:48', '2026-03-22 17:01:25'),
(200, 'nabin.gurung.nic12e16@nic.edu.np', '$2a$10$hss0OnGonA9lN8mCbxEzMe09NcIdTxZWfiyj89okxsXlbl.idwcEe', 'student', 1, '2026-03-22 16:35:48', '2026-03-22 17:01:25'),
(201, 'bina.bhattarai.nic12e17@nic.edu.np', '$2a$10$hss0OnGonA9lN8mCbxEzMe09NcIdTxZWfiyj89okxsXlbl.idwcEe', 'student', 1, '2026-03-22 16:35:48', '2026-03-22 17:01:25'),
(202, 'anita.adhikari.nic12e18@nic.edu.np', '$2a$10$hss0OnGonA9lN8mCbxEzMe09NcIdTxZWfiyj89okxsXlbl.idwcEe', 'student', 1, '2026-03-22 16:35:48', '2026-03-22 17:01:25'),
(203, 'kiran.gurung.nic12e19@nic.edu.np', '$2a$10$hss0OnGonA9lN8mCbxEzMe09NcIdTxZWfiyj89okxsXlbl.idwcEe', 'student', 1, '2026-03-22 16:35:48', '2026-03-22 17:01:25'),
(204, 'akriti.bhattarai.nic12e20@nic.edu.np', '$2a$10$hss0OnGonA9lN8mCbxEzMe09NcIdTxZWfiyj89okxsXlbl.idwcEe', 'student', 1, '2026-03-22 16:35:48', '2026-03-22 17:01:25'),
(205, 'foreveraditya18@gmail.com', '$2a$10$wAoRnCwhdLd2DoupNzde4OrGXlZD7G0tqrpX0YvaL8Fus2SJxfKvy', 'student', 1, '2026-03-22 17:21:28', '2026-03-22 17:21:28'),
(216, 'aditya@nic.edu.np', '$2a$10$mpTC/mSDHkW93HHHzpUc2OQK/kw2Rjfax1rZ9rhWM.YnShV9.2p/6', 'student', 1, '2026-03-22 17:33:55', '2026-03-22 17:33:55'),
(217, 'priya.patel@nic.edu', '$2a$10$nNHanMuqwg8lHC1jtgpkDerQPBeIEhOyZcpw3YYSnpzUuFLqnu3J.', 'faculty', 1, '2026-03-22 20:37:19', '2026-03-22 20:37:19'),
(218, 'amit.kumar@nic.edu', '$2a$10$nNHanMuqwg8lHC1jtgpkDerQPBeIEhOyZcpw3YYSnpzUuFLqnu3J.', 'faculty', 1, '2026-03-22 20:37:19', '2026-03-22 20:37:19'),
(219, 'sneha.gupta@nic.edu', '$2a$10$nNHanMuqwg8lHC1jtgpkDerQPBeIEhOyZcpw3YYSnpzUuFLqnu3J.', 'faculty', 1, '2026-03-22 20:37:19', '2026-03-22 20:37:19'),
(220, 'vikram.singh@nic.edu', '$2a$10$nNHanMuqwg8lHC1jtgpkDerQPBeIEhOyZcpw3YYSnpzUuFLqnu3J.', 'faculty', 1, '2026-03-22 20:37:19', '2026-03-22 20:37:19'),
(221, 'anjali.verma@nic.edu', '$2a$10$nNHanMuqwg8lHC1jtgpkDerQPBeIEhOyZcpw3YYSnpzUuFLqnu3J.', 'faculty', 1, '2026-03-22 20:37:19', '2026-03-22 20:37:19'),
(222, 'suresh.yadav@nic.edu', '$2a$10$nNHanMuqwg8lHC1jtgpkDerQPBeIEhOyZcpw3YYSnpzUuFLqnu3J.', 'faculty', 1, '2026-03-22 20:37:19', '2026-03-22 20:37:19'),
(223, 'kavita.joshi@nic.edu', '$2a$10$nNHanMuqwg8lHC1jtgpkDerQPBeIEhOyZcpw3YYSnpzUuFLqnu3J.', 'faculty', 1, '2026-03-22 20:37:19', '2026-03-22 20:37:19'),
(224, 'rahul.mehta@nic.edu', '$2a$10$nNHanMuqwg8lHC1jtgpkDerQPBeIEhOyZcpw3YYSnpzUuFLqnu3J.', 'faculty', 1, '2026-03-22 20:37:19', '2026-03-22 20:37:19'),
(225, 'pooja.reddy@nic.edu', '$2a$10$nNHanMuqwg8lHC1jtgpkDerQPBeIEhOyZcpw3YYSnpzUuFLqnu3J.', 'faculty', 1, '2026-03-22 20:37:19', '2026-03-22 20:37:19'),
(226, 'deepak.thapa@nic.edu', '$2a$10$nNHanMuqwg8lHC1jtgpkDerQPBeIEhOyZcpw3YYSnpzUuFLqnu3J.', 'faculty', 1, '2026-03-22 20:37:19', '2026-03-22 20:37:19'),
(227, 'meera.shah@nic.edu', '$2a$10$nNHanMuqwg8lHC1jtgpkDerQPBeIEhOyZcpw3YYSnpzUuFLqnu3J.', 'faculty', 1, '2026-03-22 20:37:19', '2026-03-22 20:37:19'),
(228, 'binod.karki@nic.edu', '$2a$10$nNHanMuqwg8lHC1jtgpkDerQPBeIEhOyZcpw3YYSnpzUuFLqnu3J.', 'faculty', 1, '2026-03-22 20:37:19', '2026-03-22 20:37:19'),
(229, 'sanjay.tamang@nic.edu', '$2a$10$nNHanMuqwg8lHC1jtgpkDerQPBeIEhOyZcpw3YYSnpzUuFLqnu3J.', 'faculty', 1, '2026-03-22 20:37:19', '2026-03-22 20:37:19');

--
-- Indexes for dumped tables
--

--
-- Indexes for table attendance
--
ALTER TABLE attendance
  ADD PRIMARY KEY (id),
  ADD UNIQUE KEY unique_attendance (student_id,course_id,date),
  ADD KEY course_id (course_id),
  ADD KEY marked_by (marked_by);

--
-- Indexes for table courses
--
ALTER TABLE courses
  ADD PRIMARY KEY (id),
  ADD UNIQUE KEY code (code);

--
-- Indexes for table faculty
--
ALTER TABLE faculty
  ADD PRIMARY KEY (id),
  ADD UNIQUE KEY user_id (user_id),
  ADD UNIQUE KEY faculty_id (faculty_id);

--
-- Indexes for table faculty_courses
--
ALTER TABLE faculty_courses
  ADD PRIMARY KEY (id),
  ADD UNIQUE KEY unique_faculty_course (faculty_id,course_id,academic_year),
  ADD KEY course_id (course_id);

--
-- Indexes for table fee_payments
--
ALTER TABLE fee_payments
  ADD PRIMARY KEY (id),
  ADD KEY idx_student_id (student_id),
  ADD KEY idx_status (status),
  ADD KEY idx_academic_year (academic_year);

--
-- Indexes for table notifications
--
ALTER TABLE notifications
  ADD PRIMARY KEY (id),
  ADD KEY created_by (created_by);

--
-- Indexes for table results
--
ALTER TABLE results
  ADD PRIMARY KEY (id),
  ADD UNIQUE KEY unique_result (student_id,course_id,term),
  ADD KEY course_id (course_id),
  ADD KEY uploaded_by (uploaded_by);

--
-- Indexes for table students
--
ALTER TABLE students
  ADD PRIMARY KEY (id),
  ADD UNIQUE KEY user_id (user_id),
  ADD UNIQUE KEY student_id (student_id),
  ADD UNIQUE KEY unique_class_section_roll (class,section,roll_number),
  ADD KEY idx_students_class (class),
  ADD KEY idx_students_section (section);

--
-- Indexes for table users
--
ALTER TABLE users
  ADD PRIMARY KEY (id),
  ADD UNIQUE KEY email (email);

--
-- AUTO_INCREMENT for dumped tables
--

--
-- AUTO_INCREMENT for table attendance
--
ALTER TABLE attendance
  MODIFY id SERIAL, AUTO_INCREMENT=348;

--
-- AUTO_INCREMENT for table courses
--
ALTER TABLE courses
  MODIFY id SERIAL, AUTO_INCREMENT=15;

--
-- AUTO_INCREMENT for table faculty
--
ALTER TABLE faculty
  MODIFY id SERIAL, AUTO_INCREMENT=15;

--
-- AUTO_INCREMENT for table faculty_courses
--
ALTER TABLE faculty_courses
  MODIFY id SERIAL, AUTO_INCREMENT=3;

--
-- AUTO_INCREMENT for table fee_payments
--
ALTER TABLE fee_payments
  MODIFY id SERIAL, AUTO_INCREMENT=21;

--
-- AUTO_INCREMENT for table notifications
--
ALTER TABLE notifications
  MODIFY id SERIAL;

--
-- AUTO_INCREMENT for table results
--
ALTER TABLE results
  MODIFY id SERIAL, AUTO_INCREMENT=42;

--
-- AUTO_INCREMENT for table students
--
ALTER TABLE students
  MODIFY id SERIAL, AUTO_INCREMENT=206;

--
-- AUTO_INCREMENT for table users
--
ALTER TABLE users
  MODIFY id SERIAL, AUTO_INCREMENT=230;

--
-- Constraints for dumped tables
--

--
-- Constraints for table attendance
--
ALTER TABLE attendance
  ADD CONSTRAINT attendance_ibfk_1 FOREIGN KEY (student_id) REFERENCES students (id) ON DELETE CASCADE,
  ADD CONSTRAINT attendance_ibfk_2 FOREIGN KEY (course_id) REFERENCES courses (id) ON DELETE CASCADE,
  ADD CONSTRAINT attendance_ibfk_3 FOREIGN KEY (marked_by) REFERENCES users (id);

--
-- Constraints for table faculty
--
ALTER TABLE faculty
  ADD CONSTRAINT faculty_ibfk_1 FOREIGN KEY (user_id) REFERENCES users (id) ON DELETE CASCADE;

--
-- Constraints for table faculty_courses
--
ALTER TABLE faculty_courses
  ADD CONSTRAINT faculty_courses_ibfk_1 FOREIGN KEY (faculty_id) REFERENCES faculty (id) ON DELETE CASCADE,
  ADD CONSTRAINT faculty_courses_ibfk_2 FOREIGN KEY (course_id) REFERENCES courses (id) ON DELETE CASCADE;

--
-- Constraints for table fee_payments
--
ALTER TABLE fee_payments
  ADD CONSTRAINT fee_payments_ibfk_1 FOREIGN KEY (student_id) REFERENCES students (student_id) ON DELETE CASCADE;

--
-- Constraints for table notifications
--
ALTER TABLE notifications
  ADD CONSTRAINT notifications_ibfk_1 FOREIGN KEY (created_by) REFERENCES users (id);

--
-- Constraints for table results
--
ALTER TABLE results
  ADD CONSTRAINT results_ibfk_1 FOREIGN KEY (student_id) REFERENCES students (id) ON DELETE CASCADE,
  ADD CONSTRAINT results_ibfk_2 FOREIGN KEY (course_id) REFERENCES courses (id) ON DELETE CASCADE,
  ADD CONSTRAINT results_ibfk_3 FOREIGN KEY (uploaded_by) REFERENCES users (id);

--
-- Constraints for table students
--
ALTER TABLE students
  ADD CONSTRAINT students_ibfk_1 FOREIGN KEY (user_id) REFERENCES users (id) ON DELETE CASCADE;


;
;
;
